,prediction,actual,difference,% error
0,5242.799,3694.01,1548.7888281249998,41.934893345125595
1,1769.0837,1816.81,47.726259765624945,2.6537167442882583
2,1631.166,1773.27,142.10398437499998,8.039598390715819
3,2293.389,1931.94,361.44891601562495,18.730150277143142
4,1387.4694,1282.88,104.58936035156239,8.188483563057114
5,2559.027,2355.95,203.07709960937518,8.639143610489304
6,1843.3473,1512.46,330.88729003906246,21.903241991795056
7,1716.9053,1875.93,159.02472656250006,8.501501604776093
8,2067.1501,2161.62,94.46985351562489,4.392441377704516
9,1745.8552,1787.53,41.67477539062497,2.3587286225972144
10,1710.2134,1675.87,34.34337890625011,2.078501697492207
11,2310.638,2416.7,106.06206054687482,4.408491665847874
12,2011.8469,2261.19,249.34307617187505,11.046742753068504
13,2237.3035,2753.08,515.7765332031249,18.749283957725034
14,1628.229,1744.3175,116.08849609375011,6.681988006983544
15,2427.791,2165.18,262.61101562500016,12.149117857901452
16,9529.371,10117.8554089529,588.4843152029007,5.820949071246864
17,2461.5076,3145.24,683.7324316406248,21.751080243142308
18,1645.1937,1666.28,21.086274414062473,1.2950883988326278
19,1750.9321,1485.47,265.46212890625,17.89821657949016
20,1907.2284,2013.33,106.10160644531243,5.2934759361670265
21,1740.947,1699.58,41.36702148437507,2.4626500802535807
22,2835.3567,2060.13,775.2266894531249,37.64512258159519
23,3011.7922,2870.98,140.81223632812498,4.921233521672621
24,6398.889,10117.8554089529,3718.9662487966507,36.75959282380614
25,1586.0582,1694.14,108.0817724609376,6.40736513129264
26,2655.5288,2436.93,218.59880859375016,8.98892721406359
27,1354.9617,1449.56,94.59833007812495,6.558234147423206
28,1565.5396,1695.28,129.74044921874997,7.680268031156752
29,1877.1755,1858.97,18.205537109374973,1.0059606828491436
30,2721.4963,2473.34,248.15633789062485,10.05143169690137
31,1512.9822,1491.34,21.642177734375082,1.4842193354766653
32,1674.1279,1684.25,10.1220703125,0.6304834730672206
33,2748.7551,2728.57,20.185126953124836,0.757955162495826
34,1808.9784,1997.22,188.24160644531253,9.447850872260002
35,1350.1865,1676.86,326.6734765624999,19.505262827449084
36,1643.0887,2017.85,374.7612548828124,18.59247676977791
37,4236.468,4258.56,22.0922265625004,0.530451004740492
38,1778.3633,1530.17,248.19328124999993,16.247347975069733
39,1111.092,1562.62,451.5279589843749,28.918314587771565
40,1489.06,1559.63,70.56994140625011,4.555385859271349
41,2664.3584,3137.83,473.4716015624999,15.102669303817635
42,1915.8862,2033.64,117.7537695312501,5.8134528366410425
43,2132.2947,2031.18,101.11467773437494,5.001509968812753
44,1785.686,1942.9,157.2139648437501,8.115363015526917
45,2509.597,2388.59,121.00692382812485,5.085908183790684
46,2989.487,3082.45,92.96293945312482,3.0316073712880462
47,2396.3577,2193.98,202.37766601562498,9.24490840725935
48,1735.6729,1753.26,17.58714843749999,1.0313354414229992
49,1935.0894,1781.11,153.9793554687501,8.670772810477608
50,1457.8364,1267.025,190.8114257812499,15.09330591359144
51,1726.4672,1782.81,56.342836914062445,3.187490504402625
52,2038.9653,1915.64,123.3253320312499,6.462227813794915
53,2900.6829,2635.68,265.00286132812516,10.071499720357684
54,2832.4436,2047.2,785.243603515625,38.372007789989986
55,2035.956,2102.06,66.10394531249995,3.1677547995063136
56,1537.5547,1626.57,89.01531249999994,5.5016263897681075
57,2816.3494,2557.56,258.78936523437505,10.136172147423245
58,3439.918,4440.54,1000.62203125,22.54251326828851
59,1911.6161,2017.85,106.23391113281241,5.288176536914431
60,2923.881,2705.15,218.7311035156249,8.102714819567383
61,2299.5664,2417.2,117.63359374999982,4.886197367332581
62,3231.7783,2190.48,1041.2983203125,47.54942173422395
63,1707.448,1864.66,157.21200195312508,8.455682190971556
64,2832.6487,2445.67,386.9786816406249,15.840218858077112
65,2690.9744,3072.78,381.8056347656252,12.439661689322977
66,2460.2917,2949.4,489.1082519531251,16.597452522225332
67,1983.0117,2741.29,758.27828125,27.674558636875908
68,1776.1853,1666.69,109.49530273437495,6.597646503060535
69,1918.4243,1718.58,199.84431640625007,11.654158992382559
70,2011.4291,2038.63,27.20092285156261,1.35846772160493
71,1624.3025,1496.35,127.95249023437509,8.581520542096744
72,4300.0933,3626.76,673.3332617187498,18.57692202154656
73,1511.7368,1639.49,127.75318359375001,7.8203637579345
74,1614.5928,1531.42,83.17277343749993,5.461954503988454
75,2529.2917,2273.77,255.52174804687502,11.25731544833617
76,2285.9702,1910.8,375.17021484375005,19.655219737547743
77,2365.0667,2666.59,301.52334960937515,11.324077912982881
78,1518.7754,1815.52,296.744609375,16.367914966520193
79,1797.226,1836.99,39.76404785156251,2.1912526245891137
80,1675.9901,1634.56,41.430112304687555,2.5644387548278083
81,1930.6162,1904.47,26.146210937499973,1.3987732582402859
82,1662.907,1676.38,13.47301757812511,0.8332747470376597
83,1509.5477,2121.53,611.9822705078127,28.863035419283072
84,2486.5862,3039.87,553.2838183593749,18.214356093481218
85,2040.5325,2162.68,122.14752929687484,5.669779181430803
86,1760.4089,1716.51,43.89893554687501,2.585828594293278
87,1720.9591,1575.56,145.39910644531255,9.257205083899887
88,3314.3801,3886.01,571.6298730468752,14.720916015831046
89,2876.8848,2477.73,399.154765625,16.126621242782146
90,8120.7485,9595.93,1475.1814648437503,15.37740039622808
91,1580.3322,1755.37,175.0378466796874,9.997200628730338
92,2081.512,1959.81,121.70196289062505,6.233808065592945
93,3246.5264,1962.9,1283.6263671875,65.40319686194866
94,3529.1145,2347.79,1181.324501953125,50.32702528023051
95,1660.8757,1837.37,176.4942675781249,9.630401909717493
96,1690.6746,1828.88,138.2054394531251,7.582101009802507
97,8014.684,10003.74,1989.0559179687498,19.88712703782346
98,1406.37,1205.1,201.2699951171876,16.73606462484967
99,2011.8558,1997.62,14.23583496093761,0.7374849839317764
100,1611.7225,1705.11,93.3874658203124,5.5046268385101165
101,2829.125,2690.56,138.56500000000005,5.16766627276984
102,1949.3005,1540.96,408.34053710937496,26.522941698738528
103,7451.3,7377.4,73.89980468750036,1.0084143819718399
104,1587.8414,1402.14,185.7014306640624,13.275069202650885
105,3759.489,4301.0,541.510986328125,12.600511131654654
106,1333.0632,1306.57,26.493232421875064,2.0651711401742117
107,2273.356,1961.53,311.82595703125,15.918510778696046
108,1919.2515,1930.64,11.3885351562501,0.6156226454969654
109,1197.7737,1304.49,106.71631835937501,8.215872792847073
110,1989.6371,2011.64,22.0029150390626,1.1183573230025048
111,1359.9829,1157.45,202.53291015624995,17.53382358100522
112,1785.1075,1835.87,50.76245605468739,2.79151021061591
113,1895.3221,1844.09,51.23214355468758,2.804533449421692
114,1378.8988,1428.9,50.00119628906259,3.533034580177878
115,1917.4956,1762.39,155.1056054687499,8.826733685524898
116,1121.071,1167.01,45.93895507812499,3.977606622480749
117,1818.1996,1788.03,30.169584960937527,1.7147928724112835
118,2456.3489,1945.66,510.6888769531249,26.266539079681266
119,2368.2952,2697.38,329.0848339843751,12.2164378691556
120,2503.1438,2250.95,252.19379882812518,11.223602515184668
121,5204.35,6899.36,1695.0099023437497,24.57310586510088
122,2223.1853,2019.81,203.37530273437505,10.091288106002299
123,2016.2958,2261.53,245.2342236328127,10.863437869206539
124,3707.4888,3623.02,84.46876953125002,2.344923431670034
125,1726.1326,1842.1,115.96743164062491,6.320820125942957
126,2036.9978,2093.645,56.64719726562498,2.7289035508823405
127,5581.7275,6306.16,724.4324609374999,11.494712905682244
128,1653.1191,1598.62,54.49914062500011,3.439337924921214
129,2161.2996,2009.27,152.02956054687502,7.589403789830429
130,1821.5647,1719.89,101.6746972656249,5.939042732498148
131,1416.9785,1545.47,128.49148437500003,8.343724934830561
132,1665.3646,1458.28333333333,207.0812906901076,14.229754751569784
133,1463.4058,1719.17,255.76423828125007,14.901942714663283
134,2079.356,1934.32,145.03595703125006,7.521937804614903
135,2291.1785,1756.87,534.3084667968751,30.432320273868065
136,1488.977,1635.77,146.79294921874998,9.001750885779852
137,1591.8604,1183.66,408.2003515624999,34.513946727004786
138,1559.2844,1644.14,84.8555761718751,5.189924614011279
139,1738.4291,1768.49,30.06092285156251,1.727591611685906
140,3361.7842,2244.2,1117.5841796875002,49.80996033712747
141,2310.1045,2492.25,182.1455078125,7.32706881205496
142,1861.8647,1563.66,298.2047460937499,19.09681529343225
143,1706.7919,1467.48,239.31187011718748,16.336181018623382
144,2581.9788,2307.85,274.1287597656251,11.897188891009817
145,6584.554,10117.8554089529,3533.3012097341507,34.924659857345794
146,3466.7388,2462.32,1004.4187695312498,40.80358164751179
147,2550.1853,2264.83,285.3553027343751,12.618704680305964
148,3625.278,2945.24,680.0380761718752,23.10244883023876
149,2785.0735,3100.04,314.96651367187496,10.174566806810265
150,2622.7124,3070.06,447.34759765624995,14.585209136322039
151,1760.541,1833.07,72.52898437499994,3.9828849934826565
152,1838.9,1517.03,321.8700244140625,21.24307423339654
153,6045.343,2809.8,3235.5427734375,115.14937100798845
154,1873.099,1591.19,281.90899902343745,17.74271365802621
155,1863.2185,1902.68,39.461494140625064,2.0997222617211753
156,1898.427,2056.65,158.2229980468751,7.715674503408847
157,1879.8123,7985.8,6105.987744140625,76.46203804190458
158,2639.3723,2424.85,214.5223144531251,8.865619991057997
159,3160.9917,3186.86,25.868300781250127,0.8272771441333933
160,2116.1335,2056.19,59.943544921874945,2.938874838788293
161,3483.8462,2492.1,991.7461914062501,39.80767838426743
162,2915.868,2903.39,12.477919921875127,0.4469149975334853
163,1671.837,1635.45,36.387036132812455,2.2547777213736637
164,2830.3552,2355.45,474.9052246093752,20.178918254180914
165,2522.885,2752.7,229.81499023437482,8.36535632116718
166,2063.024,1897.33,165.69392578125007,8.757050198450338
167,1907.8374,1824.91,82.92740234374992,4.570337751176443
168,2342.161,2429.63,87.46911132812511,3.6199343791535887
169,1888.7689,1711.17,177.59892089843743,10.404979984368332
170,1885.8457,2033.53,147.68429687499997,7.285256209347943
171,1882.1411,1669.17,212.97111328124993,12.785227816349934
172,2077.614,2008.33,69.28401367187507,3.4738635759061283
173,1105.1313,1088.892,16.239347656249947,1.5365770683326063
174,1943.6218,1712.47,231.15182617187497,13.523402404704985
175,5586.8477,5883.09,296.24234375000015,5.043559183253763
176,1924.9779,2159.59,234.61209472656265,10.884365685066948
177,6896.0483,8637.1,1741.0516601562504,20.162448598641408
178,1654.9982,2171.49,516.4918310546873,23.802680079313777
179,1361.8177,1357.98,3.837749023437482,0.3193090088508835
180,2037.2886,1708.81,328.47857421875005,19.246279154673527
181,2867.713,2646.34,221.37289062499985,8.382557715048883
182,1462.0024,1488.68,26.677558593750064,1.82500158434508
183,2147.2756,2162.68,15.404365234374836,0.735230782199116
184,2220.325,1988.94,231.38495117187495,11.655790130482696
185,2551.404,2129.82,421.58405273437484,19.813176083141258
186,1560.1053,1506.54,53.565346679687536,3.5875190226993
187,1813.3992,448.65,1364.749169921875,303.962856489341
188,2265.1511,2869.84,604.6888769531251,21.08422266885195
189,2576.6912,2231.42,345.2711621093749,15.492094793244155
190,1627.9609,1743.05,115.08906249999995,6.6295238163516945
191,2221.2214,2425.47,204.2485644531248,8.439863825732587
192,1832.4823,1803.27,29.212299804687518,1.6472332838825081
193,1778.2556,1391.96,386.29561523437496,27.777861858464515
194,4311.418,3442.18,869.2379687500002,25.263398536895682
195,2054.8513,1775.32,279.53131835937506,15.769127409274311
196,1754.0112,1722.35,31.66123046875009,1.8667458263197663
197,1965.5413,2039.0,73.458740234375,3.626317246108115
198,3971.9927,3048.61,923.3826757812499,30.300076933310045
199,1763.2832,1505.5,257.783203125,17.15027909196547
200,1615.8638,1440.47,175.39376953124997,12.206622589731221
201,1985.9962,1864.7,121.29621582031245,6.5299279337503995
202,2425.4016,1707.62,717.7816113281251,42.05100410557368
203,1676.958,1673.71,3.2480078124999636,0.22386724559642837
204,1824.8716,1875.4,50.52841796875009,2.720209924236371
205,1633.3445,1642.41,9.065517578125082,0.5822301634371378
206,1547.3014,1663.32,116.01860839843744,7.003077760721559
207,1814.5403,1856.63,42.08971679687511,2.293308319658565
208,2121.3557,2303.87,182.5142871093749,7.942053017066482
209,2216.4226,2269.04,52.617392578124964,2.340447517035389
210,7979.9688,6672.62,1307.34875,19.598759650658167
211,2531.2036,2626.02,94.81638671874998,3.628999083149947
212,3669.03,3246.73,422.300029296875,13.020328997233795
213,1944.2766,2036.54,92.26338867187496,4.55383245649938
214,4617.9824,5348.27,730.2875781250004,13.66272204871401
215,1666.9136,1664.46,2.4535742187499636,0.1773961067382978
216,2837.2996,2611.12,226.1795605468751,8.679653262989069
217,1864.9044,1771.98,92.92441894531248,5.270830640983959
218,3063.04,2312.95,750.0900390625002,32.444619034882976
219,7756.721,7139.04,617.68119140625,8.65855771388983
220,1918.3247,1941.21,22.885292968750036,1.2043658923706442
221,1988.6716,2855.93,867.2583691406248,30.37912251098836
222,1521.6788,1247.02,274.6588330078125,22.056466670499272
223,8102.6367,7990.13,112.50671874999989,1.4142404134592628
224,1617.7972,1785.83,168.03275878906243,9.434581448504051
225,6292.571,6405.73,113.15919921874956,1.7741979170081246
226,2922.3162,2446.08,476.2361621093751,19.485819474914987
227,1853.5627,1904.62,51.05725585937489,2.7062471581514496
228,2292.9172,2996.14,703.2227636718749,23.483727230227018
229,1287.5681,1299.02,11.451884765624982,0.9197153384037938
230,2602.284,2010.2,592.083935546875,29.471524123284176
231,1496.342,1639.31,142.96795898437495,8.749059890132086
232,2147.7317,2064.51,83.22168945312478,4.054299468434767
233,659.86145,182.17,477.69145019531254,261.77886363130926
234,4773.7437,3260.52,1513.22365234375,46.418717221720506
235,1904.0583,1660.64,243.4183496093749,14.683792432267895
236,5607.963,2632.96,2975.002890625,112.9883457741906
237,2476.2415,2019.74,456.501455078125,22.62114674880831
238,2245.429,2500.52,255.09104492187498,10.219472252196104
239,5466.822,2952.04,2514.78177734375,85.19043865091582
240,2007.387,2103.83,96.44303710937493,4.6068362428599565
241,1685.8987,1885.64,199.7413183593751,10.616461045276337
242,1831.8759,1810.7,21.175854492187455,1.1967675845951553
243,1648.7046,1731.1,82.39541015624991,4.787214723738156
244,1304.8215,1395.49,90.66846679687501,6.530739245759283
245,2667.1655,2602.17,64.99552734374993,2.516474518235117
246,1262.4456,1202.89,59.5555566406249,4.9905314686531295
247,2955.285,1926.56,1028.724912109375,53.40907455447028
248,1771.3298,1443.41,327.9198339843749,22.745173451556877
249,1409.344,1264.55,144.79399414062505,11.48523727446544
250,1656.8263,1786.67,129.84370605468757,7.293302039240116
251,6496.492,6922.3,425.8078125000002,6.158025834922289
252,1641.418,1716.97,75.55203125000003,4.428143213564139
253,2521.3125,3966.03,1444.7175000000002,36.43530995605731
254,1640.4563,1667.78,27.323701171874973,1.6678076325242148
255,1295.7787,1438.91,143.13131347656258,9.97848517632659
256,2063.2327,2016.32,46.912666015625064,2.3508625467629765
257,2145.6775,2327.95,182.27250976562482,7.849535517860587
258,1488.5078,1365.06,123.44781250000005,9.076702048976248
259,2090.0098,2217.99,127.98023437499978,5.791337097530293
260,1994.5011,2069.47,74.9689013671873,3.6458934847938522
261,1896.5371,1936.33,39.79289062499993,2.080352463819743
262,3376.5596,3406.35,29.79042968749991,0.8891037083376112
263,1471.512,1491.38,19.86803710937511,1.3652597467205878
264,1497.065,1637.84,140.77505859374992,8.623061061424975
265,1805.105,1675.28,129.82498046875003,7.776974332475028
266,4916.1655,2905.03,2011.1355273437498,69.23471887551496
267,1494.9966,1473.73,21.266582031249982,1.476471244734538
268,2872.1465,2837.44,34.706484374999945,1.2405647890723535
269,2067.9187,1648.16,419.7587011718749,25.490926035196757
270,3402.5803,2546.25,856.330322265625,33.64406880399038
271,1677.7526,1532.43,145.32256347656244,9.512669428908199
272,2231.5828,2297.35,65.76723632812491,2.883879989038663
273,1773.3773,1620.39,152.9873193359374,9.469323602214672
274,1060.7899,449.15,611.6399169921875,136.13697698035975
275,1868.2008,2004.77,136.56919433593748,6.83544831049871
276,1638.0737,1436.13,201.9437304687499,14.091570583152926
277,3618.1743,3111.69,506.48431640624995,16.290275221186686
278,1880.6034,1705.6,175.0033935546876,10.286817510971666
279,2285.388,2186.73,98.65793945312498,4.533493937680308
280,2097.6074,1883.59,214.01742187500008,11.385731142089819
281,1453.6372,1749.06,295.42279296874995,16.914126578611192
282,3085.8867,2794.33,291.5567187500001,10.449892077514557
283,1377.8787,1277.92,99.95866210937493,7.858032736453977
284,2396.0396,2162.93,233.10955078125016,10.798109981892189
285,8427.7295,10117.8554089529,1690.1259167654007,16.708504973738172
286,3637.6807,3622.55,15.130664062499818,0.4314228084762788
287,1578.6222,1851.94,273.31780761718755,14.781467017403399
288,1686.9268,1571.48,115.44675781249998,7.375841792675478
289,2407.9724,2668.18,260.20758789062484,9.769158830981041
290,3649.1729,3457.8,191.37285156249982,5.548184124063841
291,2742.7058,2704.47,38.2358105468752,1.4320236655813263
292,3108.202,3186.62,78.41809570312489,2.4761570227391783
293,1788.5061,1452.61,335.8961035156251,23.15007835027115
294,3859.2976,10117.8554089529,6258.557801531026,61.858449802948215
295,2165.507,1995.48,170.02708007812498,8.54352649215548
296,1763.3535,1457.89,305.4635156249999,20.97954015215408
297,1709.6495,1568.21,141.43953613281246,9.048169268559036
298,3950.9814,3143.23,807.7514453125,25.709951087163972
299,2843.6917,3214.07,370.37834960937516,11.537417122955018
300,1485.614,1637.03,151.41598632812497,9.277142179265416
301,1971.6406,1659.91,311.7306249999999,18.804429327696166
302,2439.5908,2013.46,426.13082031249996,21.1836789366472
303,6106.9453,4005.3,2101.6453125,52.477540378950515
304,2554.1753,2687.93,133.75470703124984,4.993795896908227
305,2086.0642,2204.42,118.35579101562507,5.390480879833512
306,3427.8542,3168.29,259.56424804687504,8.207052157033916
307,1999.1908,1886.2,112.99079589843745,6.015306932656885
308,2644.2422,2526.02,118.22218750000002,4.69904008280164
309,2007.3848,1892.19,115.19476562499995,6.112716061531468
310,3991.5159,3148.31,843.205869140625,26.794435648407656
311,1433.3582,1524.1,90.74184570312491,5.984641591442013
312,1932.1716,1971.61,39.4383691406249,2.025159303518815
313,1486.2632,1665.5,179.23681640625,10.788524394132654
314,2173.1836,1911.83,261.3535937500001,13.692908323877159
315,3372.0842,2504.6,867.4842285156251,34.648685821549044
316,1492.0778,1788.93,296.85224121093756,16.617148545119818
317,1814.8184,448.45,1366.368359375,304.4589284719902
318,1975.1077,2224.82,249.71233398437516,11.243881059100495
319,4183.864,6959.69,2775.8262304687496,39.888655776189296
320,2290.3958,2362.64,72.24424804687487,3.078287703939457
321,2458.204,2282.04,176.16410156250004,7.73980309490743
322,1611.1292,1716.37,105.24084960937489,6.158931637769598
323,3776.3318,2112.63,1663.701787109375,78.75529603523563
324,1479.0535,1496.22142857142,17.167961774544892,1.1804442321246436
325,2083.0193,1800.75,282.269287109375,15.69850310114504
326,3217.098,3777.16,560.0620996093749,14.838871142701432
327,5624.1987,2802.62,2821.57873046875,100.67634387642164
328,1631.5233,1756.92,125.39668457031257,7.1637220795434535
329,2071.7358,2069.85,1.885839843750091,0.11523847869925816
330,1930.5692,1615.85,314.7192138671876,19.501915665987415
331,1943.0815,2054.42,111.33845703125007,5.442472555196799
332,9057.748,8865.55,192.19804687500073,2.1734374030712744
333,2116.838,2328.82,211.98210937500016,9.12206606971134
334,2470.8596,2595.59,124.73038085937515,4.823807374142466
335,1450.607,1496.13,45.52294433593761,3.0751050250187157
336,2001.2842,2262.14,260.8558203124999,11.55092371356026
337,2233.7024,1604.5,629.202392578125,39.23379393010124
338,1493.1085,1543.9,50.79147949218759,3.3211266182457644
339,1790.2834,1782.19,8.093447265624945,0.4820494458164316
340,2045.7969,2018.33,27.466875000000073,1.3853011397690778
341,6925.863,7479.27,553.4072070312504,7.405404270869965
342,1438.273,1616.72,178.44705078125003,11.065102508084863
343,1383.6505,1421.78,38.12948730468747,2.716025487575405
344,1440.6803,1438.62,2.060297851562609,0.17790718297032973
345,2907.8042,3014.97,107.1658007812498,3.5704484137215693
346,1678.019,1845.52,167.50095703124998,9.100711640786665
347,2033.2345,2050.05,16.815502929687682,0.8444321245367185
348,1729.7081,1524.8,204.90812988281255,13.466736372045668
349,2472.2683,2338.35,133.9183105468751,5.747196722614751
350,1855.0442,1843.71,11.334189453124964,0.6416942459440608
351,2380.5527,1994.75,385.802734375,19.36111937727102
352,2412.2822,2059.35,352.9322265625001,17.158153582178322
353,2000.7224,2062.47,61.7475878906248,3.017377271149111
354,4154.109,4565.46,411.35111328125004,9.020033317883863
355,3636.6604,3538.64,98.02040039062513,2.783738433365878
356,2251.9854,2283.97,31.9846484374998,1.42197745811938
357,1696.9371,1650.31,46.627133789062555,2.8547884849899474
358,6257.659,6026.59,231.06917968749985,3.8421390702229408
359,1532.082,1646.75,114.66796875,6.99152944301108
360,3081.7073,3119.64,37.93272460937487,1.2317628250455066
361,1534.4932,1420.14,114.3531640624999,8.08460722368087
362,1579.81,1624.93,45.119941406250064,2.806638329934237
363,1758.1327,1959.4,201.2673095703126,10.294775731941048
364,1968.4243,2312.42,343.9956835937501,14.894405495812654
365,2745.3584,2363.01,382.3483984374998,16.19829822753023
366,2737.0884,2348.83,388.2583789062501,16.547627574936264
367,2239.569,3191.34,951.7709082031251,29.83454396846725
368,2778.692,2296.22,482.4718945312502,21.028766873247513
369,1822.6469,1745.21,77.43685058593746,4.464478669764019
370,2278.2969,2010.27,268.026875,13.354430143676305
371,2883.3145,2682.34,200.97445312499985,7.509745386418863
372,1902.6283,1724.7,177.92829589843745,10.342470200465884
373,1820.7416,1597.23333333333,223.50824381510756,14.020377439817327
374,1746.1731,1497.52,248.65309570312502,16.632160832507246
375,3406.9336,2780.13,626.8035937499999,22.559765008289485
376,1614.6704,1659.35,44.67958984374991,2.721907994321771
377,2249.119,2534.63,285.5111035156251,11.281910731032536
378,2772.35,2047.85,724.5000976562501,35.39434655484903
379,1950.2585,1958.98,8.721455078125018,0.4706072569316869
380,1332.612,1564.04,231.42793945312496,14.824033866384049
381,1807.9065,1459.98,347.926494140625,23.856984973476184
382,2021.28,1772.8,248.48002929687505,14.040491134995492
383,4171.423,3442.32,729.1028515624998,21.19201269780296
384,1884.7871,1498.64,386.1471093749999,25.791260947943478
385,1746.0079,1554.07,191.93793457031256,12.37885296707852
386,1759.604,1685.08,74.52400390625007,4.450931068608436
387,2260.444,2964.67,704.2259082031251,23.76679610960333
388,1858.408,2277.83,419.4220410156249,18.43113337469221
389,1856.8181,1538.1,318.7181152343751,20.747310232313474
390,1818.2361,1463.07,355.16608398437506,24.301269087530837
391,2323.9275,1979.33,344.5974902343751,17.430662745507195
392,1529.5641,1607.73,78.16591308593752,4.891459124996892
393,1607.4692,1831.3,223.83076171874995,12.246465865200893
394,1344.1884,1384.36,40.1716455078124,2.936877771602357
395,2070.3945,2377.22,306.8254687499998,12.92521696204767
396,1658.6013,1663.02,4.418681640624982,0.29567914065505563
397,1543.0707,1589.24,46.16932128906251,2.935657484183735
398,3943.5889,3429.33,514.2588671875001,15.008290999481028
399,2439.738,2068.0,371.738037109375,17.995554126631617
400,4013.295,2453.83,1559.464921875,63.55970557647098
401,1536.3812,1807.05,270.66877441406245,15.002006827698402
402,1858.9751,1720.87,138.1050976562501,8.05202238079263
403,2020.8579,1970.84,50.01791015625008,2.5626178211901594
404,1522.612,1654.24,131.627939453125,7.984815708396788
405,2236.1624,2396.4,160.2376464843751,6.706063936099757
406,3237.8809,1952.66,1285.220859375,65.82772836710765
407,7982.841,9175.68,1192.8391796875003,13.004749031595939
408,1574.22,1487.58,86.63997070312507,5.855865995317798
409,3024.97,2859.0,165.969970703125,5.82164611656321
410,4495.1616,3318.59,1176.5716210937499,35.46368495864077
411,2060.0886,2314.5,254.411376953125,11.01129058112851
412,1221.6099,1490.77,269.16013671875,18.08258308145071
413,1884.0125,1659.22,224.79245117187497,13.574124019224627
414,1976.1411,1883.93,92.21111328124994,4.919849147023235
415,1749.926,1980.72,230.79397460937503,11.674320600911308
416,1949.2847,2064.88,115.59533203125011,5.621015601547904
417,2012.1569,2165.75,153.5931396484375,7.113359014353722
418,7542.668,10117.8554089529,2575.1874402029007,25.455593681991907
419,1746.2867,1877.84,131.55325683593742,7.0303170265200885
420,1512.4087,1649.93,137.52130859375006,8.362748410641473
421,2567.733,2755.49,187.75708984374978,6.830833560490053
422,2529.9607,2584.61,54.64930664062513,2.1333446793608446
423,1719.5459,1509.69,209.85589843749995,13.929101532754155
424,1679.023,1827.9,148.8770507812501,8.16982338554201
425,1745.2476,1868.03,122.78244140624997,6.5978304552910565
426,1648.3455,1485.41,162.93545898437492,10.999014676822615
427,1601.804,526.48,1075.323955078125,204.14891553344052
428,1581.0378,1653.96,72.92215820312504,4.437832175037477
429,1547.448,1693.35,145.9020019531249,8.643150335220055
430,2488.4182,1779.69,708.728212890625,39.840029035699835
431,1637.74,1680.61,42.8700097656249,2.5798436607732333
432,1986.4957,2014.28,27.784272460937473,1.4038392509821158
433,2145.9707,2042.18,103.79070312499994,5.105582035610078
434,1658.2297,1733.37,75.14026367187489,4.362510665267575
435,2260.6072,2424.52,163.91282226562498,6.779854280196658
436,3376.409,3317.9,58.50893554687491,1.7782345572226046
437,2084.7166,1823.44,261.27655273437495,14.35225680309522
438,1489.5378,1724.26,234.722158203125,13.637964598154234
439,2610.15,2181.41,428.73990234375015,19.672667632659007
440,1450.7007,1672.35,221.6493164062499,13.279691329542393
441,1646.5056,488.48,1158.025615234375,236.92699399451408
442,1827.8508,3203.42,1375.569169921875,42.94954836331353
443,1297.8977,1190.02714285714,107.870562220985,9.102737629392223
444,1487.07,1277.74,209.3299462890625,16.41553591571712
445,1792.7172,1630.69,162.02716308593745,9.963717475336253
446,1770.8281,1688.09,82.73812500000008,4.929445572933636
447,2896.0159,2721.67,174.34586914062493,6.423032695997125
448,1809.6615,1868.73,59.06850097656252,3.186793544751717
449,1656.0321,1588.93,67.10210449218744,4.2532294276682485
450,2317.6858,2468.07,150.38420898437516,6.1122110770354965
451,3301.5525,3337.92,36.36750976562507,1.1043400700218986
452,1734.1317,1942.63,208.4982861328126,10.75575417665378
453,2780.7712,2508.75,272.021240234375,10.860665148326193
454,1639.137,1858.49,219.353037109375,11.826477663106042
455,1757.5739,1743.25,14.3238525390625,0.8501134072580645
456,1756.654,1923.96,167.30594726562504,8.719638094095227
457,1900.2888,1678.36,221.9288183593751,13.24880087436565
458,1769.3086,1788.77,19.461406249999982,1.1156173327669934
459,1595.4282,1857.65,262.2217773437501,14.13888961298873
460,1454.7262,1631.42,176.69380371093757,10.857995717372027
461,1823.8887,1656.326,167.56267187499998,10.143652494287268
462,1530.079,1569.05,38.971020507812455,2.5147985414808356
463,1609.3287,1109.26,500.0687353515625,45.10603512034697
464,1930.5973,1716.53,214.06729003906253,12.49642056568974
465,2936.4553,3166.6,230.1446777343749,7.282519583668812
466,1865.3204,2031.75,166.4295654296875,8.214027084742897
467,3121.9165,2153.8,968.1165039062498,44.96200640144129
468,6288.198,10117.8554089529,3829.6571667654007,37.85355437679536
469,1900.3893,1860.53,39.85928222656253,2.1686529624220205
470,5170.12,5886.83,716.7098828124999,12.182260597121275
471,3341.1514,2645.5,695.6513671875,26.309575479497354
472,1436.0137,1459.26,23.24632812499999,1.6267282378610175
473,2491.8113,2461.95,29.861279296875182,1.2329703870890856
474,1771.812,1660.71,111.10201171874996,6.71811581430102
475,2014.5743,2616.17,601.5956591796876,23.009995879483753
476,1744.0046,1640.35,103.65463867187509,6.347602685917366
477,2439.3657,2850.75,411.38427734375,14.44574405414292
478,2340.145,1961.46,378.68501953124996,19.326847618261837
479,3324.3635,3583.78,259.4164746093752,7.2515672494720045
480,7951.7583,10117.8554089529,2166.0971081716507,21.4125420644407
481,2066.7876,1952.5,114.28759765625,5.877501160074245
482,1818.2821,1863.82,45.537895507812436,2.4694202447976976
483,3939.1116,10117.8554089529,6178.743836687276,61.06964607331119
484,7926.7886,10117.8554089529,2191.0668347341507,21.65931859633052
485,1728.6492,1983.03,254.38083007812497,12.849860101844943
486,1736.201,1562.16,174.04104980468742,11.169483432396516
487,1711.548,1923.8,212.25202636718745,11.056073708215324
488,1970.6724,1967.68,2.9923632812499363,0.17744125442032416
489,2749.8474,2937.27,187.42258789062498,6.396776735095837
490,1518.9539,1302.07,216.88385742187506,16.688842628179298
491,4445.9844,3158.68,1287.3043750000002,40.763880975443
492,2969.3562,3462.07,492.71379882812516,14.244153874957766
493,1584.0059,1636.27,52.26414062499998,3.223674714529224
494,7999.619,6570.62,1428.999140625,21.754269296938727
495,2186.8867,1946.46,240.42671874999996,12.374507886654063
496,2324.7874,2325.24,0.4526464843747817,0.040961005287555
497,1850.6174,2302.97,452.3525683593748,19.65958177703095
498,1880.856,1831.89,48.9659570312499,2.6995321427889203
499,9333.881,9506.25,172.369140625,1.8183831553895917
500,2648.5225,3325.52,676.9975390625,20.36961711181833
501,1181.3679,1196.02666666666,14.658746744785049,1.2668958550681528
502,1853.4744,1848.69,4.784365234374945,0.28576648339948546
503,1769.3772,2067.15,297.7728027343751,14.425691134107566
504,1400.9583,1244.6836,156.27465195312493,12.590484805062074
505,2726.336,2296.02,430.3159375,18.75951167418529
506,1440.1592,1248.2,191.95917968749995,15.412763649195158
507,1605.4802,1710.16,104.67977539062508,6.148490956158739
508,2370.554,2864.08,493.5260449218749,17.246020181732575
509,2551.0989,1988.18,562.9188769531249,28.331298999996225
510,8507.452,8868.38,360.9278515624992,4.075236687862495
511,8041.4775,10117.8554089529,2076.3778698904007,20.525844230108206
512,1664.5894,1422.42285714285,242.16649832589997,17.05408674179012
513,2149.4507,2100.85,48.60068359375009,2.3366256736740714
514,1921.9573,1833.81,88.14727539062505,4.832731402577812
515,1813.3345,1883.74,70.40552734375001,3.7630836487788186
516,1356.7675,1418.29,61.522543945312464,4.371509803798481
517,1167.843,1183.73,15.886982421875018,1.3837668714586708
518,3982.899,9413.78,5430.881074218751,57.69300545786561
519,2887.8435,2691.52,196.32350585937502,7.311368632453512
520,1651.0359,1791.61,140.5741113281249,7.871956036634185
521,1983.9946,1854.97,129.02462890624997,6.980691086692318
522,2921.0479,2510.58,410.4678515625001,16.36617915647849
523,2257.1409,2346.67,89.52913085937507,3.835645942107946
524,1908.4733,2040.68,132.20673339843756,6.501471374324535
525,1160.6691,1170.63571428571,9.966646902897537,0.8937176772276364
526,1080.8776,1079.93,0.9475634765624363,0.13398031122446027
527,2651.755,3075.76,424.0051171875002,13.799390077155383
528,2226.079,2313.81,87.73089843749995,3.812406222048902
529,1568.9257,1448.85,120.07565917968759,8.319292039858391
530,1884.4146,1624.6612,259.75335078125,16.014002228286646
531,2040.6296,1941.12,99.50963867187511,5.150834801448024
532,1921.6814,2016.41,94.72860351562508,4.721509810334872
533,6946.972,10117.8554089529,3170.8832409841507,31.342872559883144
534,2663.085,2177.94,485.14496093749995,22.293244750257063
535,3739.8252,3653.98,85.84519531249998,2.362721791130338
536,5184.4707,3873.56,1310.910703125,33.85106846886729
537,8851.201,10117.8554089529,1266.6542370779007,12.52332208015445
538,1880.907,1820.55,60.356982421875045,3.341862245510834
539,3206.0032,2960.32,245.68317382812484,8.314695720378976
540,1485.4249,1772.22,286.7950732421875,16.20645523501667
541,2086.6477,2267.14,180.49229492187487,7.981526826210283
542,2383.7505,2702.9,319.1495117187501,11.82398134640638
543,1925.3595,1864.59,60.76949707031258,3.2850691961413436
544,2590.2322,6359.77,3769.5378222656254,59.274807866106705
545,1927.6251,1775.28,152.34512207031253,8.607210469219865
546,1755.7494,1856.32,100.57061035156244,5.4432099154232745
547,2979.1526,2783.46,195.69258789062496,7.047248807117377
548,2498.2102,2780.36,282.1497949218751,10.164114515720861
549,1929.7886,1907.78,22.008574218750027,1.1795215701443198
550,2122.8772,2268.91,146.03280273437485,6.45686776450156
551,2809.554,3170.02,360.466044921875,11.385073897085492
552,1164.414,1222.644,58.230059570312505,4.801565438763752
553,1711.74,1859.73,147.99000976562502,7.982346793978435
554,1580.9452,1681.21,100.26480957031254,5.991806528492578
555,1862.659,2024.25,161.5909423828125,8.005479312646623
556,1839.1353,1984.59,145.45474609374992,7.352550569180738
557,1846.834,1918.05,71.21601562499995,3.7380321401579293
558,2230.3936,6568.34,4337.9464453125,66.04585353445205
559,2149.078,2023.34,125.73788085937508,6.237542535940346
560,1717.1609,1916.85,199.6891113281249,10.440926869279208
561,1836.2097,1468.17,368.0397167968749,25.093432615691402
562,1808.7179,1590.93,217.78789550781244,13.71646227027343
563,1777.2261,2028.77,251.54392578124998,12.420423392710186
564,2353.5266,2415.69,62.163388671875055,2.5934793485559933
565,3620.9219,2609.2,1011.7218750000002,38.786905583017216
566,4935.569,6358.87,1423.30115234375,22.389028352553
567,2018.769,1956.37,62.39904296875011,3.2142678342838362
568,1491.3907,1667.47,176.07925292968753,10.586476551118277
569,1892.705,1688.23,204.47495605468748,12.137816942595174
570,2022.823,2253.61,230.78700195312513,10.260679467866481
571,1637.7815,1848.5,210.718505859375,11.423391339068417
572,2089.6128,2035.72,53.89279296874997,2.671263074164382
573,1490.8287,1556.31545454545,65.48671919388744,4.238570409949705
574,1596.5658,1617.19,20.624204101562555,1.3058252261905898
575,2397.1113,1912.44,484.67132812499995,25.362600401737634
576,3500.3572,3584.78,84.4228222656252,2.3686524418072006
577,2464.3108,2270.59,193.72079101562485,8.551875575852337
578,1710.2189,1886.46,176.24112792968754,9.366448039687516
579,4171.8096,2807.49,1364.3195703125002,48.60485864666542
580,1989.999,1829.75,160.2490234375,8.782899791695124
581,1810.7024,1985.25,174.547607421875,8.815188589796048
582,6028.899,6058.58,29.681074218749927,0.49811314950041796
583,1715.0192,1548.23,166.78916503906248,10.80169978234182
584,2101.2966,1809.92,291.3766308593749,16.122039684679518
585,2272.5144,2406.94,134.42559570312505,5.604525791011408
586,1915.9167,1650.86,265.0567480468751,16.08109364686532
587,1808.9114,1504.89,304.0213769531249,20.228736536918994
588,2220.7942,2015.15,205.6441894531249,10.227181775264798
589,1282.817,1221.68181818181,61.13519841975244,5.043046582990787
590,2552.8315,2881.69,328.85845703125005,11.427367974743166
591,2158.0332,1714.08,443.9532031250001,25.921986907872487
592,2423.6628,2083.53,340.1328417968748,16.34491066812257
593,1797.6658,1933.87,136.2042285156249,7.067118933586899
594,1604.5188,1837.61,233.0912011718749,12.708227536538885
595,1310.6034,1452.66,142.05660644531258,9.810110823674789
596,1903.1575,1968.72,65.56252929687503,3.3547561621796973
597,1238.78,1131.088,107.69202929687503,9.56107958876155
598,2983.5144,10117.8554089529,7134.341004656026,70.51384060242628
599,1890.7375,1789.74,100.99754882812499,5.66949396886032
600,1657.7551,1608.54,49.215126953125036,3.0897384125394667
601,1277.5331,911.937999999999,365.59508105468854,40.12273503018166
602,3148.1013,2853.61,294.4913183593749,10.335667453580095
603,1704.0525,1600.47,103.58249023437497,6.5012142784921
604,2138.0403,2024.03,114.01028320312503,5.6561415836329925
605,1709.413,1863.62,154.2070361328124,8.299199414888118
606,4111.5913,3599.75,511.84130859375,14.230714772411638
607,3845.2664,3305.21,540.056357421875,16.35220141578889
608,2098.947,2087.83,11.117021484375073,0.5562828424805981
609,2817.2603,2902.34,85.07974609375015,2.948138584756657
610,1385.8995,1575.285,189.38546386718758,12.050213948424917
611,1634.7197,1685.14,50.4202734375001,3.020827308173756
612,2038.3611,2020.41,17.951083984374918,0.913008693329981
613,2480.479,2964.45,483.9709960937498,16.339938147144128
614,1816.067,1771.41,44.65701660156242,2.548493806206998
615,2012.1667,1923.2,88.96674804687495,4.650764050885011
616,1587.1807,2006.94,419.75933593750005,20.93508826851612
617,2145.394,1863.62,281.7740429687501,15.142482402889842
618,8180.4717,10117.8554089529,1937.3837292654007,19.15216110664315
619,1618.938,1589.055,29.882988281249936,1.91141472180893
620,1884.9495,1588.2,296.74946289062495,18.71023244732328
621,2659.185,2775.84,116.65494140625015,4.219762039456628
622,5375.804,2230.86,3144.94419921875,140.9653394888655
623,1818.5964,1785.01,33.58643554687501,1.9090587869502276
624,1382.8695,1321.87,60.99950683593761,4.650703421579257
625,1781.9238,1953.5,171.576171875,8.806354753070625
626,2208.4397,1520.3,688.139697265625,45.2814109196229
627,2054.2922,2072.09,17.797763671875146,0.8828453129598784
628,2406.1138,2011.81,394.30376953125005,19.619430879499188
629,9295.084,10117.8554089529,822.7714245779007,8.136415368938863
630,1682.2749,1580.3,101.97490234375005,6.482471049073258
631,1644.4265,1646.75,2.323486328125,0.17140606028987707
632,1686.0297,1528.47,157.55966308593747,10.337656270949559
633,3110.9697,2449.41,661.5597265625001,27.023838694584708
634,4181.773,4167.97,13.802949218749745,0.34312227792810657
635,3325.854,3466.68,140.82599609374984,4.076107848272943
636,1942.2146,2291.03,348.8154003906252,15.243762917815834
637,1906.685,1834.07,72.61505859375006,3.9854057677684724
638,2306.3313,2226.32,80.01129882812484,3.615527919999139
639,2372.0798,2572.14,200.06016601562487,7.795889281657164
640,2635.353,2372.88,262.4730273437499,11.080106318573085
641,1812.4376,1420.34,392.0976220703126,27.63137454395376
642,2868.8684,3098.88,230.0115917968751,7.437345268952987
643,1896.3966,1463.37,433.0266064453126,29.615102874251992
644,2193.0103,2889.91,696.8997460937499,24.12805609217204
645,2308.0515,2840.07,532.0184863281252,18.746888347343145
646,2072.1274,2671.15,599.0225585937501,22.440160896590125
647,1789.1073,1656.97,132.13729980468747,8.002395205022562
648,1902.8228,2603.66,700.8372460937499,26.931419194433133
649,1628.488,1588.51,39.97803710937501,2.5473745986101415
650,2090.0618,1904.17,185.89176757812493,9.786039974280317
651,3400.5913,511.31,2889.28130859375,564.6199387651179
652,1957.7991,1990.87,33.07092773437489,1.685820703052416
653,1812.7603,1489.67,323.0902539062499,21.714989156019108
654,2563.3928,2633.52,70.12717773437498,2.6813455377853996
655,1656.0815,1706.96,50.878457031250036,3.009057724997952
656,2814.9888,4044.92,1229.93123046875,30.415413738715635
657,2790.4114,2854.91,64.49862304687485,2.27633240224258
658,2563.566,2556.15,7.415917968749909,0.3096207133846991
659,2146.496,2289.23,142.73390625000002,6.255493278683513
660,3265.9775,2619.69,646.2875390625,24.684757176483384
661,6505.9136,5671.11,834.8035742187503,14.727803467071086
662,4797.527,4930.68,133.1531445312503,2.7103684013005056
663,1742.2213,1932.74,190.5186865234375,9.880753891055301
664,1916.405,1811.92,104.48502929687493,5.792533148876912
665,1786.0455,1651.33,134.71553222656257,8.185801942485762
666,1268.2151,1466.81,198.59491210937495,13.568701372537156
667,1936.9639,2238.05,301.0861328125002,13.472387608608258
668,1167.6635,1021.7225,145.94095214843753,14.32574142600437
669,1966.7744,2323.98,357.2055859375,15.388628249651537
670,1984.1074,1679.33,304.7774218750001,18.173114057672507
671,1602.0713,1598.88,3.191289062499891,0.23079499946853724
672,3476.7131,3083.22,393.4931347656252,12.776553473260389
673,1995.9609,2021.45,25.489062500000045,1.2853464477360985
674,1831.3232,1945.3,113.97675781249995,5.883274633184292
675,2046.9143,2441.9,394.9856933593751,16.19250300357743
676,1891.6582,1955.32,63.661796874999936,3.280557355738255
677,3277.2258,3151.84,125.38583007812485,3.99340902561668
678,2595.2253,2494.2,101.02534179687518,4.069641311455293
679,6279.2817,2417.11,3862.17173828125,159.77232631736507
680,3595.59,3261.43,334.16008789062516,10.259572948856205
681,2664.1653,2328.04,336.12528320312504,14.456495624001523
682,1660.2639,1660.57,0.30608398437493634,0.048527996073310355
683,1861.1462,1853.43,7.716240234374936,0.4431796364682019
684,1555.2986,1646.41,91.11141601562508,5.562624309502345
685,1565.9072,2042.81,476.90277343749995,23.36418719810014
686,2235.3142,2613.33,378.0157910156249,14.481270435170801
687,1249.4785,1255.93,6.451484375000064,0.5532727151532567
688,1890.4678,1936.98,46.51222656250002,2.4264625473553285
689,1267.094,1309.19,42.096005859375055,3.2523731462693504
690,1847.3981,2028.66,181.26192871093758,8.957496141799442
691,1492.6923,1591.65,98.95773925781259,6.246756854430336
692,1966.0676,2052.96,86.89237304687504,4.255859527182173
693,1775.2559,2015.16,239.90414062500008,11.926820030411879
694,2113.9407,1899.34,214.60067382812508,11.32204153129343
695,1602.8079,1627.24,24.43213867187501,1.5317027702136097
696,1943.7941,1706.69,237.10406738281245,13.917845546354679
697,2731.0383,2794.05,63.01166992187518,2.2726975692642886
698,2124.5894,2756.56,631.97064453125,22.940039191430362
699,1660.1177,1771.9,111.78232421875009,6.335044246149294
700,1860.1812,1704.1,156.0811523437501,9.185800325222932
701,1262.9258,1352.555,89.62921875000006,6.661164457468474
702,4654.419,4297.63,356.7889453124999,8.312660280459173
703,1776.8484,2008.65,231.8016113281251,11.562183576543566
704,1850.2617,1953.78,103.51828124999997,5.322588434103607
705,1514.3469,1586.39,72.0430761718751,4.5713991626310015
706,2245.7966,1990.9,254.8966308593749,12.824978952464342
707,6195.2305,1780.76,4414.47046875,247.85659975242243
708,1607.1257,1774.95,167.82426757812505,9.480653782315754
709,1874.3175,1769.67,104.64750488281243,5.939966493772486
710,1716.2804,1989.75,273.4696044921875,13.765587463493908
711,2076.4119,1861.54,214.87186523437504,11.566446759166023
712,1907.688,1664.38,243.3079882812499,14.644177855536128
713,2287.146,2311.16,24.014003906249854,1.0604502351664975
714,1710.5747,1727.01,16.43529296874999,0.9803296634317596
715,1496.6218,756.45,740.171826171875,97.84950474560736
716,2169.9133,1737.34,432.5733300781251,24.920207273288973
717,1763.9618,1472.02,291.9417919921875,19.859953820130627
718,1879.7034,1964.65,84.94663085937509,4.348097135555815
719,1874.2825,1683.76,190.522470703125,11.341626037733189
720,2228.5972,2234.97,6.3728320312498,0.3074446103615705
721,2878.8508,3315.45,436.5991699218748,13.181717755752494
722,2845.679,2594.54,251.13895507812504,9.696920089020788
723,2395.7605,2919.96,524.199501953125,17.96633071341929
724,5822.034,1953.3,3868.7341796875,198.03634863791072
725,1790.7676,1673.96,116.80757812499996,7.005696052757305
726,2770.993,2801.77,30.777080078124982,1.116133708676358
727,1627.4841,1448.03,179.45413085937503,12.423224293551051
728,2088.9414,2285.28,196.3385937500002,8.611440897636701
729,1976.2671,2416.59,440.32291015625015,18.237753255205643
730,1547.6382,1540.54,7.098183593750036,0.4930555724543189
731,2167.6094,1958.53,209.07937500000003,10.69811973272487
732,8017.2793,7993.1,24.179296874999636,0.3087382014986944
733,1689.302,1825.36,136.0579980468749,7.479105629504722
734,2286.2927,2360.55,74.25727539062518,3.166272437713101
735,1490.7024,1629.57,138.86760742187494,8.549792795516446
736,4780.1963,7259.7,2479.5037109375,34.15888971292113
737,1782.6387,1461.12,321.5186718750001,22.031627363815502
738,2683.386,3019.53,336.1440136718752,11.147042038386214
739,2319.1526,3224.9,905.7474121093751,28.09721002385363
740,1648.4177,1863.6,215.1822753906249,11.570316795806283
741,4585.651,6129.48,1543.8291210937496,25.19305317625424
742,1873.6744,1339.97,533.7044384765625,39.85202492234533
743,2430.8274,2382.59,48.237392578124854,2.0451343666468684
744,1004.27826,749.48,254.79825927734373,34.04067565499663
745,1922.5195,1699.96,222.55953124999996,13.117599428978039
746,1877.9143,2006.12,128.2056933593749,6.414054148736427
747,1715.8682,1707.57,8.298164062500064,0.5150938815446711
748,3319.9963,2324.31,995.686337890625,42.85022594924424
749,2167.5857,1478.62,688.9656933593751,46.61323579962242
750,1295.0892,1550.86,255.7707666015624,16.519103663982726
751,2042.6189,2589.23,546.611103515625,21.12618317413881
752,1276.1641,1253.1675,22.996562499999982,1.8742260208548105
753,2932.5952,3331.68,399.08478515624984,11.991692680354898
754,1999.6354,2114.93,115.29462402343734,5.4738102429972795
755,1337.5779,1531.53,193.95211914062497,12.692448525200223
756,3096.6445,3212.3,115.65546875000018,3.6153968111927344
757,1974.1758,1769.27,204.90578125000002,11.606354568672767
758,3026.574,2657.68,368.89397460937516,13.896499658013198
759,3540.5566,3714.12,173.5633593749999,4.685899482988836
760,1862.6838,1704.89,157.7938378906249,9.281972914736505
761,2198.0017,1771.68,426.32170898437494,24.084557380422694
762,1525.5546,1211.99,313.5645654296875,25.902445828805803
763,2002.685,1659.01,343.67505859375,20.739559182755755
764,1837.3977,1662.92,174.47770507812493,10.51915361593133
765,3280.5933,2742.92,537.6732617187499,19.616874620683305
766,1008.6595,1019.18,10.5205151367187,1.0807817292404187
767,2335.871,2410.83,74.95890624999993,3.1293479635719677
768,2386.346,2791.51,405.1640527343752,14.529462743126823
769,2558.9844,1767.48,791.504375,44.797134300161765
770,1757.6101,1759.11,1.4998925781249,0.11365544513414337
771,3069.9905,2468.37,601.6204785156251,24.388504802424798
772,1935.956,1880.2,55.756054687499955,2.9912295787472725
773,1777.0782,2059.57,282.49175292968766,13.73699694329259
774,2693.941,1596.57,1097.37091796875,68.74281765788288
775,2063.6108,1582.59,481.0208398437501,30.416517054857913
776,1812.7773,1534.58,278.1973437500001,18.15523254488366
777,4017.328,6521.2,2503.872119140625,38.400602897106964
778,2378.2468,2625.26,247.01317382812522,9.426344137625877
779,1816.7957,1856.11,39.3143457031249,2.1444646804188765
780,1907.5542,1716.51,191.04419921875,11.155683380920904
781,6592.706,7327.36,734.6539453124997,10.032314281556957
782,1415.5476,1543.59285714285,128.0452497209751,8.324968872586584
783,3849.2576,3516.36,332.8975683593749,9.47997840003227
784,1689.6725,1735.06,45.387514648437445,2.643960142457619
785,5482.3975,7060.51,1578.1125390625002,22.35675263259081
786,4770.1055,4308.01,462.0954687499998,10.736785309770658
787,1626.05,1529.16,96.89004882812492,6.366777507951108
788,1857.8851,1939.79,81.90486816406246,4.24703875008697
789,2030.4746,2575.45,544.9753906249998,21.175697922125813
790,1731.2146,1722.51,8.704599609375009,0.5342162616221037
791,1741.3759,934.48,806.8958544921875,86.35434495841488
792,2884.923,2707.6,177.3230957031251,6.566341556926448
793,2348.973,2081.51,267.4629003906248,12.870394493332151
794,2491.006,2287.41,203.59610351562515,8.92063514367371
795,1469.7178,1863.71,393.99222656250004,21.161362001196217
796,2752.676,2593.67,159.00602539062493,6.148634260307725
797,2231.242,2376.28,145.0380566406252,6.123328900471444
798,1652.2598,1903.16,250.90023437500008,13.20615206365633
799,2190.9138,1782.77,408.143818359375,22.91542045564469
800,1852.2207,1681.5,170.720703125,10.179589959869203
801,3681.5671,3534.84,146.72713867187485,4.164440723434659
802,3193.4956,3325.66,132.16439453124985,3.988515120476762
803,2202.614,1683.71,518.904013671875,30.83962294914975
804,1996.7461,1728.35,268.3960937500001,15.553465815426446
805,8595.526,7794.76,800.7663671874998,10.278892136856241
806,2775.2283,2696.5,78.728271484375,2.9376444747636263
807,2330.3381,2411.97,81.6318652343748,3.404471982423608
808,5477.921,2422.54,3055.3808984375,126.11764141068657
809,1735.1406,1633.74,101.40062499999999,6.2353525186019185
810,1880.5226,1784.99,95.53258300781249,5.37850018806112
811,5723.5312,7683.99,1960.4587499999998,25.51839809798698
812,2625.8013,2270.44,355.36126953124995,15.670218919533319
813,1595.2827,1878.92,283.6372851562501,15.118349552321996
814,1417.2306,1567.27857142857,150.0479806082576,9.60263033006487
815,1322.1912,1889.16,566.9688378906251,30.030208497328886
816,1569.0073,1663.75,94.74267578125,5.722858691978368
817,2157.4414,1993.67,163.77140624999993,8.237582866556007
818,1438.3455,1608.93,170.58454101562506,10.630132470230148
819,1909.0706,2012.31,103.23944335937495,5.1539610474597675
820,3140.9958,3080.55,60.44584960937482,1.978087003111758
821,1353.4683,1439.78,86.31173828124997,6.027420937682255
822,1890.157,1799.51,90.64698242187501,5.063693114031311
823,2070.3018,1953.98,116.32175781249998,5.977127308158691
824,2414.9768,2524.61,109.63319335937513,4.361520621255118
825,8173.968,10117.8554089529,1943.8876355154007,19.216439400764397
826,3468.4148,3696.73,228.31520507812502,6.188827989552314
827,2148.324,2171.18,22.856025390624836,1.075481902979483
828,4363.1875,7134.71,2771.5225,38.849907711195605
829,2381.4756,1636.35,745.1255859375001,45.552468823502466
830,1581.8226,1588.22,6.397368164062527,0.43414624125475393
831,1683.6648,1804.19,120.52520507812505,6.706149259879816
832,2121.5298,2545.01,423.4802148437502,16.656002720230923
833,1938.5135,2396.81,458.29645019531245,19.137969231985537
834,1602.2106,1522.42,79.79057128906243,5.2721463562802
835,2188.6152,1972.76,215.855234375,10.964355147066277
836,1183.9514,1169.15285714285,14.798558872774947,1.3079572096412644
837,3394.613,4315.91,921.2969628906249,21.355639591480532
838,1875.218,1841.06,34.158017578125055,1.8819923096790252
839,2130.1965,1678.82,451.37653320312506,26.9083041471027
840,2846.5325,2875.43,28.897529296874836,1.022192101228988
841,1612.2648,1607.37,4.894770507812609,0.33552280394637685
842,1803.7734,2013.78,210.00656249999997,10.45071005520583
843,2416.486,2679.16,262.67391601562485,9.821168208490064
844,2906.0952,2520.27,385.82521484375,15.325682820874178
845,1870.8949,1932.91,62.01510253906258,3.233411565010141
846,8360.586,10117.8554089529,1757.2694714529007,17.372086672282684
847,1859.5089,2270.49,410.9810888671873,18.11901808758239
848,1736.9973,2013.84,276.8426855468749,13.768414743631908
849,3249.738,1787.28,1462.458037109375,81.83098799121676
850,898.08136,540.3,357.7813598632813,66.25025145400912
851,1651.5017,1798.25,146.748291015625,8.186145435198053
852,1957.2161,2006.38,49.16393554687511,2.474683864848676
853,2047.7134,1972.4,75.31337890624991,3.8427380458335394
854,1272.1619,1604.93999999999,332.77813476561505,20.759301796742147
855,1780.6226,1841.69,61.067441406250055,3.3420787978574444
856,2205.517,2457.2,251.68291015624982,10.26093136494486
857,1922.0535,2018.35,96.29653320312491,4.794637204503798
858,2781.576,2746.2,35.37592773437518,1.3061465662203802
859,1900.7079,2060.46,159.75211425781254,7.7756052644307765
860,1983.7875,1803.87,179.9174755859376,9.998917937337554
861,1557.606,1489.49,68.11595703124999,4.605128694236202
862,2370.6252,2689.23,318.604755859375,11.8638211217994
863,2212.4329,1563.96,648.472861328125,41.48222781842457
864,2091.9846,2446.29,354.30538085937496,14.500851354606443
865,1189.5781,1284.2,94.62187500000005,7.404209153888071
866,1447.0984,1608.81,161.71161132812495,10.079575179929593
867,1882.5977,1902.54,19.942343749999964,1.0741941183579937
868,1481.9055,1533.12,51.21448242187489,3.3720532088701827
869,4545.8184,3523.34,1022.4783593749999,29.030215883099114
870,2319.342,2466.7,147.35795898437482,5.992945808380951
871,2015.5149,1938.09,77.42489257812508,4.019668551788933
872,1817.2041,1679.97,137.23410156249997,8.196165451480834
873,1875.7756,1617.045,258.7306347656249,16.026177618899315
874,1514.5232,1540.83428571428,26.311092354904986,1.7394729101533144
875,1590.56,1579.46,11.100058593749964,0.734199510984453
876,1820.3567,1845.31,24.953310546874945,1.3789778225751808
877,1478.2522,1555.93,77.67780273437506,5.022892307034371
878,3793.3997,3247.34,546.0596582031249,16.828404669045423
879,2024.8799,1537.22,487.6598828125,31.745693807227582
880,2207.9,1882.98,324.91990234375,17.277587356581964
881,1407.4006,1291.82,115.58063476562506,8.982344525011225
882,1519.869,1458.56,61.309018554687555,4.236221852061433
883,1827.6345,1880.89,53.2554785156251,2.857221443487267
884,1576.6952,1349.94,226.75519042968745,16.828233052167253
885,1868.584,1859.41,9.173984374999918,0.5201318544983315
886,1821.1232,1936.85,115.72683105468741,5.999268642975581
887,2328.522,2332.84,4.3180273437501455,0.20648629619987421
888,1984.5417,1950.42,34.12174804687493,1.7746369941809468
889,1480.2131,1465.3,14.913134765625045,1.0515169030989935
890,4028.4602,4251.49,223.02979492187478,5.257063043936482
891,1750.4417,1798.07,47.628349609374936,2.6759230727397285
892,2582.533,2392.82,189.71295898437484,7.947660947318989
893,1895.7185,1650.885,244.833505859375,14.856227097822435
894,1049.3171,698.876666666666,350.440472005209,50.17903638075944
895,1796.7755,2120.36,323.5844873046876,15.280805300900937
896,3213.804,3253.34,39.536044921875146,1.2304245114042223
897,2143.784,2532.67,388.8860644531251,15.37149360102658
898,1918.616,1551.87,366.7459667968751,23.65711568742472
899,2044.2131,1880.39,163.8231347656249,8.736456399131523
900,3227.7307,3039.29,188.44071289062504,6.215584395324185
901,1954.6238,1619.43,335.19377929687494,20.722733654965026
902,1890.1672,1636.34,253.82723632812508,15.537696801649831
903,1469.6406,1519.3,49.659374999999955,3.3003931438347123
904,4000.377,8317.82,4317.443046875,51.90883552057386
905,1453.5376,1516.29,62.752402343749964,4.170148955606905
906,2196.482,1793.13,403.3519335937499,22.51589980061383
907,1687.3372,1470.37,216.9671582031251,14.784933964464916
908,2034.5658,1940.79,93.77579589843754,4.85634788714914
909,2681.7668,2546.94,134.82684570312495,5.3122682262634235
910,1558.296,1296.08,262.2160205078126,20.262229905429095
911,1742.8043,2017.77,274.9656787109375,13.648603938568055
912,2083.9158,2076.35,7.565771484375091,0.38836562507523853
913,1622.5222,1608.54,13.982216796875036,0.9000532489481329
914,3272.4558,3269.39,3.0658105468751273,0.10904986243803698
915,1796.9098,1476.34,320.5697900390626,21.740323260411596
916,1240.1423,1259.09,18.947666015624918,1.5439679590680238
917,7768.1377,8364.32,596.1823046874997,7.13323543946552
918,1894.8387,1554.79,340.04874511718754,21.89615731581811
919,1813.2794,1557.71,255.56941894531246,16.433562802530624
920,2407.6929,1930.19,477.50287109374995,24.758136784970656
921,2234.8843,2834.39,599.5057226562499,21.165044240032238
922,1760.1782,1596.3,163.87822265625005,10.294227370757142
923,1839.0203,2626.54,787.519736328125,29.99648792283806
924,2010.5591,1707.47,303.08908203125,17.77484862329256
925,1656.1157,1854.14,198.0242773437501,10.704194740960514
926,3155.5928,2206.69,948.9027734375,43.01409364112288
927,1793.1324,1690.73,102.40244628906248,6.0844738024433385
928,2260.432,1715.38,545.0518847656249,31.79429125379542
929,3292.2644,3809.99,517.7255957031248,13.599972594157833
930,1789.3473,2055.59,266.24270996093765,12.973299318655195
931,2000.8496,2001.31,0.46039062499994543,0.04797611286785187
932,1550.3468,1691.13181818181,140.7850164239976,8.351995682834385
933,2377.6477,2262.71,114.93770507812496,5.100618372936005
934,1382.5281,1481.042,98.51392382812492,6.683166851032568
935,1539.8738,1516.67,23.203779296874927,1.5623680468816894
936,3264.8162,5816.79,2551.973837890625,43.87736966681436
937,1719.1969,1874.92,155.72310058593757,8.33003277057606
938,8222.52,10025.94,1803.4204687500005,17.991634805075385
939,1818.1913,1721.58,96.61128417968757,5.6391854141321875
940,2764.1772,2759.1,5.077246093750091,0.2021034241828559
941,1955.5314,1708.7,246.83137207031245,14.470592796063213
942,1918.6925,1681.1,237.5925048828126,14.158688444505982
943,2891.6995,2655.6,236.0994628906251,8.90777692446162
944,1986.5934,1869.11,117.4833837890626,6.310587972307732
945,1775.763,1451.32,324.44293945312506,22.381764919420114
946,1880.4797,1889.79,9.310263671874964,0.5189819377912894
947,1346.7474,1717.75,371.0025634765625,21.62098434317256
948,6209.69,6738.28,528.5900585937497,7.8514220466278735
949,3359.011,2573.97,785.0409863281252,30.512726360304264
950,1980.2423,1692.53,287.7123095703125,17.02346146083132
951,4936.522,2913.64,2022.8819726562501,69.4332452337997
952,2747.6814,2554.77,192.91139648437502,7.5691178029865736
953,2199.5203,2705.78,506.2597363281252,18.725325403436642
954,8449.414,6699.26,1750.1540624999998,26.130101115562343
955,1789.3455,1549.76,239.585458984375,15.486786667034885
956,1806.8057,1734.55,72.25566406250005,4.193289188351923
957,2065.4119,1960.86,104.5518652343751,5.3560725840424555
958,2085.9595,1935.41,150.54947265624992,7.802504902410232
959,1856.8057,1776.06,80.74566406250005,4.573201246369392
960,1651.1675,1542.31,108.85748046875005,7.088201429129319
961,2802.8516,6204.85,3401.9984375000004,54.83169261202028
962,1646.8612,1866.14,219.2787939453126,11.774032161815486
963,2222.1946,2502.2,280.0054199218748,11.208112035876248
964,2071.7766,1942.04,129.73661132812504,6.70444939759928
965,2646.4282,2276.73,369.69822265625,16.256514390564412
966,2221.476,1752.67,468.8060742187499,26.76899982424693
967,2331.2903,3160.9,829.6097167968751,26.257661694087275
968,1825.3834,1772.22,53.16342285156247,3.0271798621080865
969,2175.2693,1870.33,304.9392871093751,16.32640523774876
970,1750.653,1874.45,123.79704589843755,6.629352563985042
971,1715.7437,1779.87,64.12634765624989,3.6299391506400296
972,3362.6482,2709.97,652.6781933593752,24.098336943754227
973,3116.9465,3504.98,388.033466796875,11.083602439519694
974,4338.215,4552.12,213.9051562499999,4.709489398412341
975,2384.6775,2508.13,123.45250976562511,4.941043907057841
976,1424.5618,1489.07,64.50823242187494,4.36422809413958
977,1887.9802,1980.03,92.04977539062497,4.6729802320906515
978,2361.3247,2637.55,276.2252929687502,10.4897667962605
979,1630.426,1666.17,35.74397460937507,2.1746341272942495
980,6752.191,6511.81,240.3809179687496,3.6988552137221595
981,1774.3257,1916.4,142.0743164062501,7.437754520645318
982,1533.7244,1753.61,219.8856347656249,12.563957492154135
983,2607.1025,2713.15,106.04746093750009,3.926352364435358
984,7415.976,6598.26,817.7160742187498,12.399542856820824
985,5490.7456,2426.35,3064.39560546875,126.2911018591487
986,1903.8077,1742.64,161.1677392578124,9.274512618482301
987,2008.6433,1947.32,61.323310546875064,3.173974522639415
988,2296.6707,2122.26,174.41065429687478,8.239775306528989
989,1805.0381,1662.05,142.98808593750005,8.630602745030227
990,3347.9407,2287.42,1060.520673828125,46.37490269887605
991,1515.7096,1451.875,63.8345947265625,4.429613200899389
992,2489.5144,2498.38,8.86559570312511,0.3747917348222047
993,1346.9403,1514.17,167.22969238281257,11.073678912423999
994,1328.3988,781.19,547.2088037109374,70.06726499135686
995,2200.5232,2223.58,23.056806640624927,1.0591708320125592
996,2396.0237,2224.07,171.95368164062484,7.752225447642683
997,2801.2449,2829.62,28.37512695312489,1.0202792444534117
998,1418.5464,1414.94,3.6063867187499454,0.29011379632834633
999,1518.8127,1414.42,104.39274414062493,7.413333908675043
1000,5772.06,6890.58,1118.51994140625,16.23867291348018
1001,3359.1926,3114.58,244.61262695312507,7.868582089484863
1002,1817.3029,1636.8,180.50285644531255,11.054959778007241
1003,1782.3787,1578.35,204.0286621093751,12.954280780908578
1004,1183.4312,1379.39,195.9588476562501,14.237283236797868
1005,2553.3867,2726.79,173.40328124999996,6.376413261882674
1006,1677.1707,1714.4,37.22934570312509,2.2000901337177146
1007,3303.405,3067.63,235.7750292968749,7.700945830094385
1008,2186.1775,1632.92,553.2574902343749,33.901720943442285
1009,2363.183,2270.45,92.73310546875018,4.105467115909649
1010,2293.2073,2490.2,196.99272460937482,7.9292056293160496
1011,6275.896,6930.72,654.8240039062503,9.45467037413688
1012,2932.2498,2873.69,58.559755859374945,2.0548313041021973
1013,3010.0747,2499.16,510.91470703125015,20.45937075567278
1014,1491.7322,1690.18,198.44782226562506,11.767325707148903
1015,1775.7866,1893.17,117.38337890625007,6.22512786843801
1016,2093.4646,1930.94,162.52459960937495,8.440572816622568
1017,1843.2877,1688.48,154.80771972656248,9.1953557606699
1018,5458.791,10117.8554089529,4659.064393327901,46.05061005472327
1019,1842.0791,1592.9964,249.0827015625,15.66258333326012
1020,1337.3435,1953.66,616.3164941406251,31.564277957824594
1021,2624.3752,2663.63,39.25475585937511,1.492222821685695
1022,1201.3688,1446.32,244.95122558593744,16.96487645912674
1023,2711.9998,2752.42,40.42024414062507,1.4864305588475173
1024,1572.5737,1330.3,242.27373046875005,18.242690897862193
1025,2028.1328,1643.95,384.18281249999995,23.39279470339627
1026,2151.8994,2481.16,329.26058593749985,13.287903497558082
1027,1464.4517,1598.42,133.96833984375007,8.409947955104075
1028,1948.4749,1686.77,261.704853515625,15.540183462968288
1029,1847.788,1722.67,125.11796386718743,7.2899344735103
1030,2195.961,1911.98,283.9809375,14.874975816740566
1031,2012.8555,1894.91,117.94546874999992,6.249068473311838
1032,7645.5938,6909.39,736.2037499999997,10.66158433781145
1033,5465.504,6890.68,1425.1760937500003,20.688417567818576
1034,1430.4728,1471.1,40.62722167968741,2.7947283011475545
1035,1523.9525,1759.69,235.73748535156255,13.42113552239034
1036,2916.4253,2898.22,18.2052929687502,0.6452949221984255
1037,2360.5415,2359.0,1.54150390625,0.08652273389489298
1038,2891.58,3400.76,509.1799218750002,14.985032660690456
1039,2235.8245,2409.57,173.74553710937516,7.22989527728967
1040,1912.3796,1855.95,56.429638671874955,3.066586154858733
1041,1651.272,1633.30499999999,17.96697265625994,1.1303045746744593
1042,3122.1306,2283.04,839.090615234375,36.767064086215925
1043,1534.7087,1728.34,193.63125976562492,11.228989366605639
1044,1586.296,2029.3,443.00397949218745,21.849639348319414
1045,1889.9469,1732.69,157.25689941406245,9.10211225624787
1046,1788.7314,1904.23,115.49855468750002,6.090026129031412
1047,1205.0541,1260.47,55.41592285156253,4.43435790316681
1048,1714.4409,1795.32,80.87908203124994,4.531583456652111
1049,3347.4978,2916.41,431.08780273437515,14.79606167946132
1050,1772.1105,1729.96,42.150473632812464,2.464689945610558
1051,2335.919,2016.63,319.2889453124999,15.853660662054498
1052,2385.6584,2041.73,343.928447265625,16.865311314867814
1053,2233.8147,2673.99,440.1753027343748,16.47698449926434
1054,2701.9177,2622.21,79.70772460937496,3.0582002817457883
1055,1669.1028,1803.695,134.59221679687494,7.487672718130519
1056,2986.1887,3216.35,230.1612792968749,7.170408296839296
1057,2316.5916,2136.13,180.4615527343749,8.469484783718983
1058,1560.9495,1690.11,129.1605371093749,7.669452866679773
1059,2912.1267,2826.55,85.57670898437482,3.0447536826152635
1060,1990.7593,1964.73,26.029277343749982,1.3499324427039066
1061,1705.8153,1676.44,29.375307617187445,1.7815370625775189
1062,1969.9072,1919.32,50.587226562500064,2.6610425228667305
1063,1822.96,1974.42,151.46003906250007,7.694490868617467
1064,1639.9341,1678.09,38.15591796874992,2.3028802726544253
1065,1392.6074,1465.93,73.32257812500006,5.034169931398025
1066,8591.79,10117.8554089529,1526.0653698904007,15.087089830227434
1067,1842.1871,1807.58,34.60713378906257,1.9416803343360125
1068,3265.0154,3147.84,117.17538085937485,3.7376960829953196
1069,3310.9407,3206.73,104.21067382812498,3.2648320771545842
1070,8663.071,5914.43,2748.6412890624997,46.47800209068407
1071,2166.09,1625.28,540.810087890625,33.29540822808898
1072,1918.4807,1805.23,113.25071289062498,6.29943086123756
1073,2194.0457,1860.67,333.3756542968749,17.93901977234078
1074,3521.4583,3231.57,289.88825195312484,8.984590431306403
1075,1489.322,2385.98,896.657978515625,37.59335835689488
1076,1912.7988,1840.0,72.798828125,3.98254974870959
1077,1753.1843,1572.55,180.63432617187505,11.514848617137094
1078,1990.2971,1828.92,161.37711914062493,8.848548673384183
1079,2157.328,2332.4,175.0721191406251,7.525917062052599
1080,2675.3271,2454.67,220.65714843749993,9.007814059209746
1081,2350.1396,2631.43,281.29035156249984,10.706605098254887
1082,1624.9105,1690.05,65.13947753906245,3.882729143714321
1083,1959.748,2044.94,85.19195312500005,4.18941416638963
1084,1641.9773,1560.31,81.66729492187505,5.264400850960403
1085,3020.2795,2817.5,202.779541015625,7.213610397999467
1086,1852.9554,1600.51,252.4454443359375,15.799117078340391
1087,2891.1375,2940.9,49.76254882812509,1.7087967916000912
1088,4709.44,3780.62,928.8199414062501,24.577901293961844
1089,2358.9192,2267.54,91.37918945312504,4.051039199181894
1090,2137.208,2043.86,93.3480078125001,4.590581297447617
1091,1905.0876,1827.59,77.49764648437508,4.266619613059263
1092,3292.1692,2684.08,608.0891894531251,22.669810154777473
1093,1992.4468,1653.16,339.2867773437499,20.54755979728299
1094,3301.8274,3427.33,125.50260742187493,3.675870956899115
1095,2071.8752,2450.12,378.2447558593749,15.455058550871817
1096,1935.574,2425.26,489.6860253906252,20.207523637566172
1097,2478.2666,2480.16,1.8933984374998545,0.09648232476437137
1098,1883.894,1600.14,283.7540429687499,17.758774175876518
1099,1984.6863,1933.83,50.85627929687507,2.6549905805563205
1100,2865.6182,2487.94,377.67816406249995,15.197399337034446
1101,1937.5248,1790.79,146.73478027343754,8.21948318102806
1102,1717.4435,1568.01,149.4334814453125,9.558975170404556
1103,1910.3079,2021.29,110.98213867187496,5.5140315597502685
1104,1554.7992,1647.86,93.0608056640624,5.67599345191963
1105,2854.771,1946.38,908.3909960937499,46.68448985524274
1106,1385.1274,1566.11,180.9825585937499,11.58441211237959
1107,2766.7,3080.48,313.780048828125,10.200652027216178
1108,1515.0696,1695.99,180.920419921875,10.693869101608321
1109,2067.028,1947.77,119.25807617187502,6.146893201243925
1110,1240.7505,1176.56714285714,64.18334542411003,5.495297852516865
1111,3251.3845,2975.54,275.84452148437504,9.285645404106633
1112,1157.0096,1186.97727272727,29.96762917258252,2.565744193369507
1113,1808.0405,1677.06,130.98052734375005,7.837605053992111
1114,2883.7444,2661.67,222.07438476562493,8.360637553786006
1115,3420.2886,4934.4,1514.1114257812496,30.691836223251734
1116,1557.3506,1645.81,88.45941406249995,5.403563974130021
1117,749.45514,593.88,155.57513916015625,26.258477600214718
1118,2063.686,1794.09,269.5960351562501,15.050570612577252
1119,1540.2683,1676.6,136.3316894531249,8.158827109482136
1120,1382.5234,1636.56,254.03656249999995,15.548395446715451
1121,1636.4504,1886.42,249.96956054687507,13.273989387301796
1122,1069.9802,948.603333333333,121.37689127604199,12.841266803689312
1123,3470.7976,2969.75,501.047607421875,16.885703473508123
1124,1800.2666,1885.98,85.71339843750002,4.570066920269498
1125,1466.8364,1581.95,115.11357421875005,7.305985921751085
1126,2648.3875,2450.21,198.17745117187496,8.106934364811625
1127,2286.0398,2402.36,116.32020507812513,4.861715001212103
1128,1740.6627,1561.3316,179.33111972656252,11.514117125467466
1129,1843.2922,1849.45,6.1577636718750455,0.35988884412416794
1130,1886.0182,1674.14,211.8781884765624,12.682020522414511
1131,1731.8153,1760.46,28.644692382812536,1.655045678653265
1132,1801.8267,1636.76,165.06666015625,10.112423204393316
1133,2361.44,1820.68,540.7599414062499,29.720288022394815
1134,1876.9727,1892.41,15.437343750000082,0.8419493663195863
1135,2486.6853,2526.19,39.504697265625055,1.5832847427118109
1136,1772.1658,2000.86,228.6942285156249,11.451924117381425
1137,1624.7361,1718.27,93.53391601562498,5.471000541993693
1138,1693.7716,1727.825,34.053393554687545,1.9992416677816698
1139,2342.9905,1829.88,513.1104785156249,28.060319633935293
1140,1657.5941,1627.68,29.914116210937436,1.8679824227626822
1141,1568.095,1645.11,77.0150292968749,4.71041311713437
1142,1606.5579,1921.83,315.2721386718749,16.426531275684972
1143,797.7418,1046.49,248.7481787109375,23.806166124885387
1144,1875.2155,1493.6,381.6154541015626,25.574958443314543
1145,2740.6252,2834.09,93.46475585937515,3.314932877748639
1146,1278.9797,1631.98,353.000263671875,21.654186493670675
1147,1934.0181,2435.24,501.2219335937498,20.598336997945175
1148,2454.6453,2091.13,363.5152636718749,17.403425255512442
1149,1534.1621,1829.47,295.307890625,16.164630601867792
1150,5010.563,5251.78,241.21701171874975,4.602134915098772
1151,5558.4365,2688.85,2869.5865234375,106.72045376903341
1152,2184.5427,1778.66,405.8827246093749,22.841269172495725
1153,1951.5149,1925.31,26.204892578125055,1.3866836592459824
1154,1280.6555,1335.28,54.62448242187497,4.126763570488777
1155,1619.5325,937.58,681.952470703125,72.74992225643068
1156,4291.3774,4285.78,5.597441406250255,0.14225485517162328
1157,2157.8647,2438.53,280.6652539062502,11.527748896333796
1158,3081.1873,2678.09,403.09725585937485,15.067526417233502
1159,1695.4725,1528.77,166.70253417968752,10.933486838798089
1160,1891.9198,1551.025,340.8947998046874,22.003822033463038
1161,4255.5664,3093.35,1162.21640625,37.581537768476174
1162,1586.8262,1827.54,240.71382812499996,13.195216085260714
1163,2953.2522,2728.13,225.1221972656249,8.268698843948242
1164,1905.5813,1797.74,107.84129882812499,6.024852012419087
1165,2279.5642,2314.2,34.63579101562482,1.5179414617714961
1166,1805.2498,1538.63,266.6197558593749,17.355243277655223
1167,3007.1184,2958.78,48.3384082031248,1.6503476589955934
1168,1875.5072,2154.04,278.53279785156246,12.950922138904938
1169,6225.092,9844.9,3619.8082031249996,36.771570511355556
1170,1790.3329,1885.23,94.89711425781252,5.058895719843908
1171,3304.2964,2368.0,936.29638671875,39.552306806786994
1172,2758.66,2877.34,118.68008789062515,4.141303473807618
1173,1746.1914,1556.19,190.00140624999995,12.237594270535554
1174,1977.7979,2115.65,137.8521484375001,6.5379178431349425
1175,2054.8704,1785.88,268.9903613281249,15.085836234626724
1176,1628.5505,1860.83,232.27946289062493,12.506082365331505
1177,3183.2788,2683.35,499.9288085937501,18.645930606917304
1178,1916.208,1649.89,266.3180078124999,16.166967069147287
1179,2051.9016,1966.66,85.24161132812492,4.358649592718686
1180,1876.8483,1622.29,254.55826660156254,15.717268814915212
1181,1562.683,1745.16,182.47701660156258,10.481824444712176
1182,3192.9475,2840.63,352.3175097656249,12.418210703685677
1183,8002.8,3977.88,4024.9198046875,101.18238591304751
1184,1739.8751,1656.37,83.50512207031261,5.070109427433209
1185,3504.2947,2806.11,698.1846777343749,24.894255979077066
1186,3486.416,3412.9,73.51601562499991,2.168395606286984
1187,2493.307,2085.2,408.1068847656252,19.590875234483637
1188,1408.3757,1464.53,56.15426757812497,3.867106310322995
1189,3678.1238,3516.54,161.58377929687504,4.608528174171321
1190,2743.5798,2746.76,3.1801660156252183,0.13395768932045812
1191,1703.703,1673.9,29.80300292968741,1.8097827836650389
1192,1919.0635,1802.3,116.76347656250005,6.504519445445976
1193,1565.9915,1649.19,83.19854492187505,5.073592306546991
1194,1961.4211,1970.93,9.508857421875064,0.5076952984318521
1195,2021.6028,1961.14,60.4627832031249,3.107745723125798
1196,1945.0806,2106.59,161.50943359375015,7.688776160190127
1197,2190.1995,1981.76,208.439462890625,10.540467087598246
1198,3665.1353,3404.71,260.42525390624996,7.662530472606681
1199,1332.6895,1509.35818181818,176.6687286931799,11.734130451896634
1200,3123.0269,2752.57,370.45685546874984,13.47429798257036
1201,1731.9353,1678.03,53.90530273437503,3.2412469681432574
1202,2481.0432,1718.8,762.243212890625,44.36359058283168
1203,3641.621,3476.36,165.26109374999987,4.767551576710016
1204,3661.2195,2716.59,944.6294824218749,34.78462187199816
1205,1697.5382,1544.29,153.24820800781254,9.952693117369515
1206,1722.5576,1652.47,70.08761718749997,4.270350773909991
1207,1781.781,1064.98,716.801005859375,67.32186487398872
1208,1561.2451,1603.11,41.8648828124999,2.6418445140963143
1209,1924.241,1903.32,20.920966796875064,1.1251571470451547
1210,1756.1976,1719.26,36.93763183593751,2.1769102570089727
1211,1994.7152,2149.69,154.97479003906255,7.230746587002197
1212,1846.732,1480.79,365.94205566406254,24.738036148496416
1213,3949.1619,4842.97,893.8081347656253,18.46420303554322
1214,2938.727,2582.67,356.0570507812499,13.803081128274558
1215,2016.1963,1936.86,79.3362890625001,4.120880428134168
1216,1968.9075,1810.43,158.47747070312494,8.778775032890556
1217,1748.6279,1966.33,217.70207031249993,11.094099150028216
1218,1742.5535,2369.83,627.2765332031249,26.484773563306586
1219,1536.1527,1657.1,120.94729003906241,7.326694621082433
1220,3340.4856,9909.22,6568.734404296874,66.29081754375376
1221,1568.3606,1470.37,97.99059570312511,6.696077539355967
1222,1663.9807,1747.07,83.08928710937494,4.783172468592099
1223,2010.439,2231.45,221.01103515624982,9.924551856280376
1224,2927.1487,2495.19,431.95868164062495,17.328221118833866
1225,2096.0105,2496.42,400.4095019531251,16.056161268808175
1226,1556.2169,1122.01,434.2069189453125,38.72632929286265
1227,1519.7404,1643.57,123.82964355468744,7.562308390438815
1228,1942.1853,1643.31,298.87530273437505,18.21228139105949
1229,1725.2921,1817.38,92.08788574218761,5.09317918356479
1230,9009.156,10117.8554089529,1108.6991589529007,10.962247461395371
1231,3122.6636,2682.56,440.10357421875005,16.42168174467772
1232,1676.6951,1784.66,107.96493164062508,6.075922138106673
1233,2903.014,2824.22,78.7939160156252,2.80714251379341
1234,1867.7654,1666.98,200.78538085937498,12.07123209030243
1235,1860.0195,1506.73,353.28953125,23.47282971079397
1236,2350.2952,2698.71,348.41483398437504,12.926553842953126
1237,1929.645,2737.11,807.4649804687501,29.513516551618018
1238,1639.3577,1308.22,331.137666015625,25.340612660891935
1239,870.0726,535.512499999999,334.5600708007822,62.50974945561584
1240,2134.503,2000.36,134.1429296875001,6.729252905625587
1241,1931.0708,2035.92,104.84919921875007,5.17325498761307
1242,3407.198,3290.79,116.40799804687504,3.5520418451997555
1243,1539.9359,1503.19,36.745913085937445,2.476967532266454
1244,2546.884,2321.3,225.58403320312482,9.737446515769006
1245,2629.5852,2694.61,65.02479492187513,2.431247515755391
1246,2388.1794,2520.49,132.31055664062478,5.268190537869043
1247,2012.2593,2347.49,335.2307226562498,14.29864363375695
1248,2843.6584,3696.47,852.8115527343748,23.081376173849797
1249,2260.592,2214.18,46.412041015625164,2.1182311221316477
1250,1775.4158,2030.22,254.80422851562503,12.572103909727831
1251,1920.1288,1817.45,102.67878417968745,5.67555676337014
1252,9763.027,10117.8554089529,354.8280652029007,3.5117175750567142
1253,1620.9977,1483.38,137.6176806640624,9.307873996823353
1254,1835.689,1364.28,471.40896484375,34.577658292453734
1255,1524.948,1782.21,257.26200195312504,14.458997927488207
1256,1448.1421,1564.06,115.91791015624995,7.440936119819627
1257,2458.24,2542.05,83.81000976562518,3.3159627053794485
1258,1890.5438,1381.29,509.25382324218754,36.890831692383614
1259,2023.4185,1739.15,284.2684570312499,16.369295952131168
1260,1763.5751,1495.56,268.01507324218755,17.94814868669623
1261,1209.5945,1054.69479999999,154.89968242188502,14.727108437407624
1262,1836.6477,1990.33,153.68229492187493,7.744623846429627
1263,1695.1776,1763.02,67.84238769531248,3.8753395308991383
1264,2278.8958,2489.06,210.16424804687495,8.46190684485913
1265,1976.3057,1451.16,525.1456640624999,36.209970934137466
1266,1964.2595,1919.38,44.87952148437489,2.3636644730074217
1267,3287.4612,3204.4,83.06118164062491,2.607294506556364
1268,1676.2593,1660.99,15.269277343749991,0.9491045593864538
1269,9786.309,10117.8554089529,331.5468152029007,3.281628306010083
1270,1847.5802,1654.91,192.67020019531242,11.66902460389344
1271,1783.0652,1974.22,191.15481445312503,9.705417196013867
1272,2935.8958,2386.52,549.375751953125,23.036076444819273
1273,1323.0808,1485.8,162.71918945312495,10.981577706595234
1274,2876.3857,2729.14,147.24574218750013,5.4126457037374935
1275,2667.6936,2240.96,426.73360351562496,19.06050536327327
1276,3135.6514,3052.35,83.30136718750009,2.745020789999512
1277,2407.958,2475.68,67.72199218749984,2.755130571586066
1278,1751.854,1891.84,139.98599609374992,7.423929954117649
1279,1653.936,1980.05,326.11396484374995,16.49107393621721
1280,2882.1013,2247.07,635.0313183593748,28.276374856372648
1281,1906.353,1806.15,100.20302734374991,5.574019724005751
1282,2314.1655,2039.83,274.3355273437501,13.47015077677386
1283,2199.5745,2119.08,80.49446289062507,3.82125057278447
1284,3046.6614,2585.29,461.37137695312504,17.861905914754296
1285,5162.368,2872.02,2290.3481640625,79.75046871953894
1286,1930.6941,1893.71,36.984091796874964,1.978877304885676
1287,3068.5154,2647.51,421.0053808593748,15.917816808070013
1288,1724.6455,1586.8,137.84550781250005,8.71577570796321
1289,1804.5767,1843.41,38.83333984375008,2.133148572530659
1290,1353.3993,1384.23,30.830708007812518,2.2625860642733615
1291,1843.0814,1184.26,658.8214208984375,55.650209400928254
1292,1649.5321,1785.4,135.8678955078126,7.635808024402967
1293,1838.1473,1563.02,275.1273388671875,17.62864171019159
1294,1501.3987,1119.73666666666,381.6620149739649,34.114399782245464
1295,4344.3774,3898.17,446.2074414062499,11.457944411972543
1296,1812.4121,2299.64,487.2278906249999,21.20426976727503
1297,2998.989,2371.6,627.3890136718751,26.469753116305178
1298,2252.2744,2545.75,293.4755859375,11.54543292832597
1299,1396.9452,1489.71,92.76480957031254,6.2585011220104905
1300,1143.4352,1258.59,115.15481933593742,9.18558795129319
1301,3564.9211,3271.13,293.7911425781249,8.995245262395958
1302,1843.545,1854.88,11.33495605468761,0.6378723525470582
1303,1694.8527,1922.32,227.46733886718744,11.855885567405553
1304,1526.2551,1883.71,357.45487304687504,18.99761030070295
1305,1243.6626,998.592727272727,245.06987038352304,24.57928715524407
1306,2319.1055,2415.61,96.50453125000013,4.0149054161441375
1307,1975.7305,1734.09,241.64046875000008,13.959521774598038
1308,1730.3914,1954.24,223.848642578125,11.477160265719483
1309,2185.202,2152.88,32.32190429687489,1.524204009365504
1310,8156.192,3151.9,5004.29189453125,158.76132135932147
1311,2098.957,2031.97,66.98703124999997,3.3204441516971945
1312,2224.4856,1687.93,536.5555957031249,31.807987047323543
1313,1977.4536,1815.16,162.29361328124992,8.966084689933682
1314,2051.8281,2048.16,3.6681250000001455,0.20345616158855767
1315,3004.195,3361.01,356.8149316406252,10.629595974446758
1316,2276.6765,2453.45,176.77348632812482,7.224005636957755
1317,1954.1227,1711.73,242.39268066406248,14.185750784886523
1318,1613.5001,1611.53,1.9701220703125273,0.15323052736689313
1319,2972.6182,3090.75,118.1318359375,3.8376655378083298
1320,2946.8975,2595.93,350.96746093750016,13.536566013237413
1321,1879.117,1691.13,187.9869433593749,11.142326830298286
1322,1557.8569,1408.64,149.2169335937499,10.62470255572547
1323,1750.273,1454.04,296.23294921875004,20.40046676053942
1324,1570.7784,1551.65,19.12844238281241,1.2645970030481852
1325,2487.862,1039.26,1448.602060546875,139.36889864457905
1326,2707.2297,2809.15,101.92026367187509,3.6453032823260934
1327,1543.8022,1586.52,42.71775390624998,2.7232015920561796
1328,1881.3115,1534.95,346.36152343749995,22.590219377869676
1329,2961.4102,2703.82,257.59015624999984,9.54362487612412
1330,2873.2437,2322.96,550.28365234375,23.70532104463817
1331,3378.6663,3316.46,62.206259765624964,1.890473800275703
1332,6790.2393,9407.61,2617.3707421875006,27.82568169576568
1333,1415.2462,1193.49,221.7562158203125,18.614579336536526
1334,2106.584,2559.21,452.62601562500004,17.702240317262504
1335,1594.3163,1613.88,19.56371582031261,1.2428124617693856
1336,4462.9424,3604.17,858.7723828124999,23.83775443556553
1337,1937.041,1795.24,141.801015625,7.9243663127735635
1338,1854.8855,1699.28,155.60549804687503,9.183864855856347
1339,1929.5146,1954.37,24.85535156249989,1.2970351768915525
1340,1429.4312,1624.07333333333,194.64218098958008,12.011903494019792
1341,1668.7903,1645.75,23.040283203125,1.4299336797646165
1342,2749.724,1969.78,779.94412109375,39.6108228827248
1343,3424.3884,3345.75,78.638427734375,2.364988501587598
1344,4870.669,10082.46,5211.791054687499,51.69405665288268
1345,1512.7952,1654.51,141.714833984375,8.592989406974883
1346,2255.2603,2615.04,359.77974609374996,13.774583684200966
1347,1794.7382,1706.36,88.3781591796876,5.207114770964672
1348,2005.6338,2024.2,18.566210937500045,0.941680789129256
1349,1756.9537,2114.14,357.1862646484374,16.91475923317621
1350,1460.4358,1454.51,5.925791015625009,0.4416320860767286
1351,2266.0103,2533.78,267.7697460937502,10.585639554183048
1352,1381.943,1414.45,32.507006835937545,2.332733088514615
1353,1962.8103,2017.98,55.16969726562502,2.7580009346451297
1354,1847.334,1943.79,96.45601562499996,4.986705461890971
1355,2738.3394,2032.4,705.9393554687499,34.75032492836588
1356,1761.3562,1589.74,171.616201171875,10.823284609359279
1357,1655.0865,1721.65,66.56345214843759,3.89417020285327
1358,1709.2869,1663.24,46.04686523437499,2.7977247186684813
1359,1845.4916,2092.86,247.36842285156263,11.84069738848371
1360,2688.2166,2676.54,11.676552734375036,0.4548513557651375
1361,2047.9646,1970.79,77.17459960937504,3.9402928848304937
1362,2149.9272,1856.91,293.0172460937499,15.802501660578436
1363,3163.357,2669.16,494.19693359375015,18.53033470905472
1364,2089.9202,1770.98,318.940166015625,18.032389076683057
1365,2422.8638,2030.04,392.82376953125004,19.370402431434496
1366,1786.5338,1877.04,90.50618652343746,4.847097080405076
1367,2280.8354,2548.01,267.1745507812502,10.503178358383925
1368,2232.6023,2485.78,253.1777050781252,10.203102831464083
1369,1547.8225,1553.2,5.3774902343750455,0.3782899037378545
1370,7200.064,9776.24,2576.17603515625,26.35516578282996
1371,2055.736,2060.45,4.713916015624818,0.25298605088065307
1372,867.7096,1011.20666666666,143.4970719400975,14.233085209820215
1373,1829.4476,1774.18,55.267631835937436,3.142404931364383
1374,5688.21,6995.46,1307.2500390625,18.692931907307933
1375,2103.638,1946.56,157.07793945312505,8.093121909603457
1376,1925.85,1826.74,99.10997558593749,5.451389833078166
1377,2545.422,2062.12,483.3021191406251,23.455707747458337
1378,1566.9148,1659.02,92.10520507812498,5.580240375417288
1379,1673.6229,1435.52,238.10292480468752,16.615571148360576
1380,1659.6309,1895.74,236.109140625,12.477805584999789
1381,1374.3245,1248.97,125.35446289062497,10.072627825447986
1382,1667.7773,1570.86,96.9173437500001,6.199556037445277
1383,1801.0426,1796.0,5.0426025390625,0.3085222676906485
1384,2166.1362,2405.51,239.37376953125022,9.969774420357778
1385,2572.0369,1758.09,813.9468652343751,46.31249269212125
1386,1912.4584,1735.03,177.42837402343753,10.252105928646438
1387,1788.1908,1946.38,158.1892041015626,8.150949421718986
1388,2924.571,2175.15,749.4210449218749,34.46882747325512
1389,2725.6694,2586.28,139.3894335937498,5.407859717244984
1390,3345.3186,3345.04,0.2786035156250364,0.023272880181526342
1391,2480.844,2283.48,197.36399414062498,8.663122888143722
1392,3198.4575,6152.85,2954.3924804687504,48.020874490622994
1393,1935.567,2092.09,156.52298339843765,7.503762485648773
1394,2358.405,1931.39,427.0150292968749,22.129367060074586
1395,2074.2544,1927.83,146.42439453125007,7.619255756600276
1396,3398.3726,4213.49,815.1174414062498,19.35499233283064
1397,1968.547,2281.99,313.4430029296873,13.754408690933467
1398,1868.4518,1641.65,226.8017822265624,13.841718614411741
1399,8084.157,10117.8554089529,2033.6981823904007,20.10403964057742
1400,1724.8337,1682.48,42.35374023437498,2.546301217743228
1401,9728.404,10117.8554089529,389.4511120779007,3.8538981515994686
1402,6481.8755,7988.52,1506.6445117187504,18.865198881949855
1403,1813.9789,1883.92,69.94111816406257,3.7380795238886537
1404,2677.18,3492.98,815.800068359375,23.36638733753664
1405,1973.3484,1820.58,152.76838867187507,8.416345721872464
1406,1676.0259,1950.35,274.3241210937499,14.087404008188734
1407,1934.5989,1964.39,29.7911230468751,1.5416192787827867
1408,8411.621,9594.02,1182.3989062500004,12.328901354627437
1409,2658.8875,2510.04,148.84745117187504,5.9488178308999276
1410,1761.446,1654.5,106.946044921875,6.492208152379154
1411,2377.8235,2448.63,70.80651367187511,2.911503826741541
1412,3296.6443,3297.86,1.2157128906251273,0.05201715066351542
1413,3183.9321,5668.38,2484.44787109375,43.834899858415596
1414,2774.2322,2439.83,334.4021777343751,13.723643021000237
1415,1422.5969,1582.36,159.7630761718749,10.124905308863381
1416,1890.6328,1599.55,291.08281250000005,18.223356301365587
1417,2691.0125,2852.3,161.28754882812518,5.6711844092864965
1418,4469.3857,5097.88,628.4942578125001,12.33713959752902
1419,2600.7908,2634.63,33.83922851562511,1.3031322369532095
1420,2160.0398,2087.36,72.67979492187487,3.505014460829503
1421,2780.0898,2707.84,72.24984374999985,2.6861414648825424
1422,2051.7644,1648.41,403.3544042968749,24.492204201373934
1423,2342.3953,6719.96,4377.564736328125,65.145313510208
1424,2516.5583,2299.96,216.59834960937496,9.437171244419593
1425,2122.8335,1810.66,312.1734960937499,17.263714751526642
1426,4092.086,3402.65,689.4359374999999,20.27345070008668
1427,1464.8986,1275.56,189.33855957031255,14.876930518181947
1428,2526.808,2404.93,121.87810546875016,5.087577084710433
1429,1430.8068,1537.39,106.5832373046876,6.9629971782564155
1430,2820.8652,1993.68,827.1852343749999,41.50504138919255
1431,2071.597,1839.48,232.11692382812498,12.642361538066988
1432,2029.0703,2254.91,225.83968749999985,10.035412075853165
1433,1622.6615,1537.42,85.24149902343743,5.5751598928057
1434,4401.655,3970.61,431.0447851562499,10.867107311463291
1435,1891.955,2850.83,958.8750439453124,33.64658050612565
1436,2126.652,2253.03,126.3779003906252,5.6301846609818895
1437,1720.3625,1602.5,117.862548828125,7.383814649290393
1438,1887.7932,1814.83,72.96321289062507,4.046824152667838
1439,1585.8896,1452.89,132.9996484374999,9.185397480201454
1440,2219.8364,2056.87,162.9664257812501,7.945407281201248
1441,1594.1682,2115.64,521.4717871093749,24.666221852494395
1442,1722.4547,1622.05,100.40471191406255,6.21889691621599
1443,1717.1886,1630.45,86.73859863281245,5.348943783243659
1444,1538.1791,1882.57,344.39092285156244,18.315353271602355
1445,1652.0065,1510.75,141.2564697265625,9.380080709780811
1446,1891.2314,1867.46,23.771445312499964,1.2993557309846016
1447,2110.7017,1838.78,271.92166015625,14.811320742695514
1448,2060.9739,2019.41,41.56387695312492,2.0824629291960988
1449,1939.1188,1942.42,3.3012255859375728,0.195644987232494
1450,1972.7883,1948.48,24.308330078124982,1.2728878735607847
1451,2470.7996,2039.5,431.299560546875,21.166645124846813
1452,3084.8167,2624.42,460.3966503906249,17.55850275020286
1453,1866.2366,1782.54,83.69657226562504,4.7220798336338525
1454,2496.693,2255.18,241.51311523437516,10.7290535552195
1455,1548.5465,1688.42,139.87349121093757,8.311435189999381
1456,1487.9133,1478.3,9.613330078125045,0.683887616859957
1457,3009.0093,2955.12,53.88927734375011,1.8401985824886187
1458,1543.1311,1645.44,102.30889648437505,6.24621167748369
1459,1375.8002,1896.49,520.6898291015625,27.47456913855964
1460,1902.0151,2096.66,194.64486328124985,9.305196707988417
1461,2953.819,2710.33,243.48909179687507,9.000530900014942
1462,2095.0798,2478.71,383.63016601562504,15.494055203698961
1463,1337.8822,1297.1,40.78220214843759,3.1814274158783595
1464,1606.5226,1745.98,139.45741699218752,8.013685641529678
1465,2230.8997,2122.88,108.01965820312489,5.110703604777519
1466,1147.597,1269.59,121.99295410156242,9.644431032569537
1467,2555.3103,2561.7,6.389697265624818,0.2688977154642424
1468,1794.1998,1847.69,53.490170898437555,2.9212456997623377
1469,3307.5435,3358.8,51.25654296875018,1.540694280616503
1470,3203.9736,3134.55,69.42363281249982,2.2303833371875985
1471,2940.411,3365.11,424.6991113281251,12.633641786425793
1472,2306.3318,1942.14,364.1917871093749,18.77299896580812
1473,1233.8295,1377.19666666666,143.3671988932224,10.442588878530817
1474,2612.8438,2372.25,240.59375,10.160941945000527
1475,939.3267,1141.35,202.02327880859366,17.736417113333072
1476,2044.3662,1941.41,102.95621093749992,5.327549213789512
1477,8001.563,2756.86,5244.702988281249,190.225541397614
1478,2997.5007,6681.29,3683.789267578125,55.13925561231534
1479,2737.8186,2726.2,11.618603515625182,0.44444212841989156
1480,2057.07,2093.85,36.77993164062491,1.7800239520913368
1481,9662.067,10117.8554089529,455.7880261404007,4.509507797449662
1482,8830.777,10117.8554089529,1287.0780652029007,12.725171365927993
1483,3160.0554,3478.89,318.8345800781249,9.177889804768217
1484,2239.7305,2075.97,163.7604687500002,7.910563058941388
1485,1060.7695,1121.45,60.680468750000045,5.453047707117077
1486,2242.8948,2592.99,350.0952246093748,13.518279407646638
1487,1794.3516,1702.82,91.53156250000006,5.403069446727572
1488,2672.4004,2433.93,238.47039062500016,9.816276936490274
1489,3982.7056,3471.78,510.9255664062498,14.728811225081209
1490,1370.0759,1348.91,21.165927734374918,1.6055852360939162
1491,2480.7356,1545.48,935.255595703125,60.52831186064017
1492,2145.7834,2448.95,303.1665527343748,12.397336248315941
1493,9430.789,10117.8554089529,687.0663464529007,6.795238145563949
1494,1311.2086,1605.26,294.0513818359375,18.343425034621454
1495,2385.5723,1891.93,493.64226562499994,26.111521463145266
1496,1096.5679,1198.33,101.76212890624993,8.530160982478744
1497,1443.6389,1403.45,40.188916015624955,2.89817415261405
1498,1894.7778,2007.04,112.26216796874996,5.616932562676209
1499,1631.1667,1525.03499999999,106.13174804688492,6.989793616461479
1500,2254.1577,2668.18,414.02228515624984,15.532858385278484
1501,1273.1505,1197.15285714285,75.99765555246245,6.387297879867888
1502,951.96246,964.246,12.283536621093731,1.3250675951072854
1503,2953.9944,3228.06,274.06561523437495,8.504274823276475
1504,1519.6416,1518.03,1.6116015625000273,0.13905563686591818
1505,1529.6824,1685.37272727272,155.6903542258451,9.264658695708205
1506,4623.1353,6941.1,2317.9647460937504,33.399572808772476
1507,2073.3718,2271.4,198.0281738281251,8.738420433475289
1508,1882.9331,1875.15,7.783105468749909,0.4416125326553413
1509,1771.4292,1707.78,63.64919921875003,3.755192311491677
1510,7653.6045,7062.74,590.8644921875002,8.372425291898622
1511,2088.0596,1973.63,114.42957031249989,5.821783282382613
1512,3672.7473,2742.83,929.9173144531251,33.91561767826419
1513,1607.0598,1449.44,157.61981445312495,10.90526604225864
1514,2188.2874,1643.41,544.8773535156249,33.175621142010506
1515,1606.9915,1708.45,101.45854492187505,5.966151433445978
1516,1277.7903,1681.77,403.979716796875,24.043686019299816
